STRUCTURE,STRUCTURE_ID,STRUCTURE_NAME,ACTION,REF_AREA,Zone de référence,MEASURE,Mesure,FREQ,Fréquence d'observation,TIME_PERIOD,Période de temps,OBS_VALUE,Observation value,OBS_STATUS,Observation status,UNIT_MEASURE,Unité de mesure,UNIT_MULT,Multiplicateur d'unité,CURRENCY,Monnaie,BASE_PER,Période de base,METHODOLOGY,Méthode,DECIMALS,Decimals,PRICE_BASE,Ajustement,ADJUSTMENT,Base de prix
DATAFLOW,OECD.ECO.MAD:DSD_EO@DF_EO(1.2),Perspectives Economiques 116,I,USA,États-Unis,UNR,Taux de chômage,Q,Trimestrielle,2018-Q4,,3.82998665695251,,,,PT_LF,Pourcentage des dépenses de santé,0,Units,,,,,,,2,Two,,,,
DATAFLOW,OECD.ECO.MAD:DSD_EO@DF_EO(1.2),Perspectives Economiques 116,I,USA,États-Unis,UNR,Taux de chômage,Q,Trimestrielle,2019-Q1,,3.84870291654522,,,,PT_LF,Pourcentage des dépenses de santé,0,Units,,,,,,,2,Two,,,,
DATAFLOW,OECD.ECO.MAD:DSD_EO@DF_EO(1.2),Perspectives Economiques 116,I,USA,États-Unis,UNR,Taux de chômage,Q,Trimestrielle,2019-Q2,,3.64929734598396,,,,PT_LF,Pourcentage des dépenses de santé,0,Units,,,,,,,2,Two,,,,
DATAFLOW,OECD.ECO.MAD:DSD_EO@DF_EO(1.2),Perspectives Economiques 116,I,USA,États-Unis,UNR,Taux de chômage,Q,Trimestrielle,2019-Q3,,3.6135483135827,,,,PT_LF,Pourcentage des dépenses de santé,0,Units,,,,,,,2,Two,,,,
DATAFLOW,OECD.ECO.MAD:DSD_EO@DF_EO(1.2),Perspectives Economiques 116,I,USA,États-Unis,UNR,Taux de chômage,Q,Trimestrielle,2004-Q1,,5.68178980465158,,,,PT_LF,Pourcentage des dépenses de santé,0,Units,,,,,,,2,Two,,,,
DATAFLOW,OECD.ECO.MAD:DSD_EO@DF_EO(1.2),Perspectives Economiques 116,I,USA,États-Unis,UNR,Taux de chômage,Q,Trimestrielle,2000-Q1,,4.04979902003243,,,,PT_LF,Pourcentage des dépenses de santé,0,Units,,,,,,,2,Two,,,,
DATAFLOW,OECD.ECO.MAD:DSD_EO@DF_EO(1.2),Perspectives Economiques 116,I,USA,États-Unis,UNR,Taux de chômage,Q,Trimestrielle,2000-Q2,,3.94875271783602,,,,PT_LF,Pourcentage des dépenses de santé,0,Units,,,,,,,2,Two,,,,
DATAFLOW,OECD.ECO.MAD:DSD_EO@DF_EO(1.2),Perspectives Economiques 116,I,USA,États-Unis,UNR,Taux de chômage,Q,Trimestrielle,2000-Q3,,4.03079731342584,,,,PT_LF,Pourcentage des dépenses de santé,0,Units,,,,,,,2,Two,,,,
DATAFLOW,OECD.ECO.MAD:DSD_EO@DF_EO(1.2),Perspectives Economiques 116,I,USA,États-Unis,UNR,Taux de chômage,Q,Trimestrielle,2000-Q4,,3.91948362062532,,,,PT_LF,Pourcentage des dépenses de santé,0,Units,,,,,,,2,Two,,,,
DATAFLOW,OECD.ECO.MAD:DSD_EO@DF_EO(1.2),Perspectives Economiques 116,I,USA,États-Unis,UNR,Taux de chômage,Q,Trimestrielle,2001-Q1,,4.23063104827027,,,,PT_LF,Pourcentage des dépenses de santé,0,Units,,,,,,,2,Two,,,,
DATAFLOW,OECD.ECO.MAD:DSD_EO@DF_EO(1.2),Perspectives Economiques 116,I,USA,États-Unis,UNR,Taux de chômage,Q,Trimestrielle,2025-Q2,,4.14385026947903,,,,PT_LF,Pourcentage des dépenses de santé,0,Units,,,,,,,2,Two,,,,
DATAFLOW,OECD.ECO.MAD:DSD_EO@DF_EO(1.2),Perspectives Economiques 116,I,USA,États-Unis,UNR,Taux de chômage,Q,Trimestrielle,2025-Q3,,4.13399201514754,,,,PT_LF,Pourcentage des dépenses de santé,0,Units,,,,,,,2,Two,,,,
DATAFLOW,OECD.ECO.MAD:DSD_EO@DF_EO(1.2),Perspectives Economiques 116,I,USA,États-Unis,UNR,Taux de chômage,Q,Trimestrielle,2009-Q1,,8.29198001214135,,,,PT_LF,Pourcentage des dépenses de santé,0,Units,,,,,,,2,Two,,,,
DATAFLOW,OECD.ECO.MAD:DSD_EO@DF_EO(1.2),Perspectives Economiques 116,I,USA,États-Unis,UNR,Taux de chômage,Q,Trimestrielle,2009-Q2,,9.28051692774564,,,,PT_LF,Pourcentage des dépenses de santé,0,Units,,,,,,,2,Two,,,,
DATAFLOW,OECD.ECO.MAD:DSD_EO@DF_EO(1.2),Perspectives Economiques 116,I,USA,États-Unis,UNR,Taux de chômage,Q,Trimestrielle,2009-Q3,,9.60258172731911,,,,PT_LF,Pourcentage des dépenses de santé,0,Units,,,,,,,2,Two,,,,
DATAFLOW,OECD.ECO.MAD:DSD_EO@DF_EO(1.2),Perspectives Economiques 116,I,USA,États-Unis,UNR,Taux de chômage,Q,Trimestrielle,2009-Q4,,9.91138803705946,,,,PT_LF,Pourcentage des dépenses de santé,0,Units,,,,,,,2,Two,,,,
DATAFLOW,OECD.ECO.MAD:DSD_EO@DF_EO(1.2),Perspectives Economiques 116,I,USA,États-Unis,UNR,Taux de chômage,Q,Trimestrielle,2010-Q1,,9.83709653634967,,,,PT_LF,Pourcentage des dépenses de santé,0,Units,,,,,,,2,Two,,,,
DATAFLOW,OECD.ECO.MAD:DSD_EO@DF_EO(1.2),Perspectives Economiques 116,I,USA,États-Unis,UNR,Taux de chômage,Q,Trimestrielle,2010-Q2,,9.65762476504825,,,,PT_LF,Pourcentage des dépenses de santé,0,Units,,,,,,,2,Two,,,,
DATAFLOW,OECD.ECO.MAD:DSD_EO@DF_EO(1.2),Perspectives Economiques 116,I,USA,États-Unis,UNR,Taux de chômage,Q,Trimestrielle,2010-Q3,,9.47240076924411,,,,PT_LF,Pourcentage des dépenses de santé,0,Units,,,,,,,2,Two,,,,
DATAFLOW,OECD.ECO.MAD:DSD_EO@DF_EO(1.2),Perspectives Economiques 116,I,USA,États-Unis,UNR,Taux de chômage,Q,Trimestrielle,2010-Q4,,9.5242842591188,,,,PT_LF,Pourcentage des dépenses de santé,0,Units,,,,,,,2,Two,,,,
DATAFLOW,OECD.ECO.MAD:DSD_EO@DF_EO(1.2),Perspectives Economiques 116,I,USA,États-Unis,UNR,Taux de chômage,Q,Trimestrielle,2001-Q2,,4.41145024683667,,,,PT_LF,Pourcentage des dépenses de santé,0,Units,,,,,,,2,Two,,,,
DATAFLOW,OECD.ECO.MAD:DSD_EO@DF_EO(1.2),Perspectives Economiques 116,I,USA,États-Unis,UNR,Taux de chômage,Q,Trimestrielle,2001-Q3,,4.81960981790419,,,,PT_LF,Pourcentage des dépenses de santé,0,Units,,,,,,,2,Two,,,,
DATAFLOW,OECD.ECO.MAD:DSD_EO@DF_EO(1.2),Perspectives Economiques 116,I,USA,États-Unis,UNR,Taux de chômage,Q,Trimestrielle,2001-Q4,,5.53682006143805,,,,PT_LF,Pourcentage des dépenses de santé,0,Units,,,,,,,2,Two,,,,
DATAFLOW,OECD.ECO.MAD:DSD_EO@DF_EO(1.2),Perspectives Economiques 116,I,USA,États-Unis,UNR,Taux de chômage,Q,Trimestrielle,2002-Q1,,5.70439497756438,,,,PT_LF,Pourcentage des dépenses de santé,0,Units,,,,,,,2,Two,,,,
DATAFLOW,OECD.ECO.MAD:DSD_EO@DF_EO(1.2),Perspectives Economiques 116,I,USA,États-Unis,UNR,Taux de chômage,Q,Trimestrielle,2002-Q2,,5.8441184797144,,,,PT_LF,Pourcentage des dépenses de santé,0,Units,,,,,,,2,Two,,,,
DATAFLOW,OECD.ECO.MAD:DSD_EO@DF_EO(1.2),Perspectives Economiques 116,I,USA,États-Unis,UNR,Taux de chômage,Q,Trimestrielle,2002-Q3,,5.72945856800288,,,,PT_LF,Pourcentage des dépenses de santé,0,Units,,,,,,,2,Two,,,,
DATAFLOW,OECD.ECO.MAD:DSD_EO@DF_EO(1.2),Perspectives Economiques 116,I,USA,États-Unis,UNR,Taux de chômage,Q,Trimestrielle,2002-Q4,,5.84859251161521,,,,PT_LF,Pourcentage des dépenses de santé,0,Units,,,,,,,2,Two,,,,
DATAFLOW,OECD.ECO.MAD:DSD_EO@DF_EO(1.2),Perspectives Economiques 116,I,USA,États-Unis,UNR,Taux de chômage,Q,Trimestrielle,2003-Q1,,5.87272490691892,,,,PT_LF,Pourcentage des dépenses de santé,0,Units,,,,,,,2,Two,,,,
DATAFLOW,OECD.ECO.MAD:DSD_EO@DF_EO(1.2),Perspectives Economiques 116,I,USA,États-Unis,UNR,Taux de chômage,Q,Trimestrielle,2003-Q2,,6.15026248210349,,,,PT_LF,Pourcentage des dépenses de santé,0,Units,,,,,,,2,Two,,,,
DATAFLOW,OECD.ECO.MAD:DSD_EO@DF_EO(1.2),Perspectives Economiques 116,I,USA,États-Unis,UNR,Taux de chômage,Q,Trimestrielle,2003-Q3,,6.10476493878851,,,,PT_LF,Pourcentage des dépenses de santé,0,Units,,,,,,,2,Two,,,,
DATAFLOW,OECD.ECO.MAD:DSD_EO@DF_EO(1.2),Perspectives Economiques 116,I,USA,États-Unis,UNR,Taux de chômage,Q,Trimestrielle,2003-Q4,,5.81820658652045,,,,PT_LF,Pourcentage des dépenses de santé,0,Units,,,,,,,2,Two,,,,
DATAFLOW,OECD.ECO.MAD:DSD_EO@DF_EO(1.2),Perspectives Economiques 116,I,USA,États-Unis,UNR,Taux de chômage,Q,Trimestrielle,2019-Q4,,3.56394002564773,,,,PT_LF,Pourcentage des dépenses de santé,0,Units,,,,,,,2,Two,,,,
DATAFLOW,OECD.ECO.MAD:DSD_EO@DF_EO(1.2),Perspectives Economiques 116,I,USA,États-Unis,UNR,Taux de chômage,Q,Trimestrielle,2020-Q1,,3.82255185510126,,,,PT_LF,Pourcentage des dépenses de santé,0,Units,,,,,,,2,Two,,,,
DATAFLOW,OECD.ECO.MAD:DSD_EO@DF_EO(1.2),Perspectives Economiques 116,I,USA,États-Unis,UNR,Taux de chômage,Q,Trimestrielle,2020-Q2,,13.0036155119166,,,,PT_LF,Pourcentage des dépenses de santé,0,Units,,,,,,,2,Two,,,,
DATAFLOW,OECD.ECO.MAD:DSD_EO@DF_EO(1.2),Perspectives Economiques 116,I,USA,États-Unis,UNR,Taux de chômage,Q,Trimestrielle,2020-Q3,,8.82448294207619,,,,PT_LF,Pourcentage des dépenses de santé,0,Units,,,,,,,2,Two,,,,
DATAFLOW,OECD.ECO.MAD:DSD_EO@DF_EO(1.2),Perspectives Economiques 116,I,USA,États-Unis,UNR,Taux de chômage,Q,Trimestrielle,2020-Q4,,6.737237974993,,,,PT_LF,Pourcentage des dépenses de santé,0,Units,,,,,,,2,Two,,,,
DATAFLOW,OECD.ECO.MAD:DSD_EO@DF_EO(1.2),Perspectives Economiques 116,I,USA,États-Unis,UNR,Taux de chômage,Q,Trimestrielle,2021-Q1,,6.2273432915333,,,,PT_LF,Pourcentage des dépenses de santé,0,Units,,,,,,,2,Two,,,,
DATAFLOW,OECD.ECO.MAD:DSD_EO@DF_EO(1.2),Perspectives Economiques 116,I,USA,États-Unis,UNR,Taux de chômage,Q,Trimestrielle,2021-Q2,,5.92195313875133,,,,PT_LF,Pourcentage des dépenses de santé,0,Units,,,,,,,2,Two,,,,
DATAFLOW,OECD.ECO.MAD:DSD_EO@DF_EO(1.2),Perspectives Economiques 116,I,USA,États-Unis,UNR,Taux de chômage,Q,Trimestrielle,2021-Q3,,5.09940497313672,,,,PT_LF,Pourcentage des dépenses de santé,0,Units,,,,,,,2,Two,,,,
DATAFLOW,OECD.ECO.MAD:DSD_EO@DF_EO(1.2),Perspectives Economiques 116,I,USA,États-Unis,UNR,Taux de chômage,Q,Trimestrielle,2021-Q4,,4.16966477391831,,,,PT_LF,Pourcentage des dépenses de santé,0,Units,,,,,,,2,Two,,,,
DATAFLOW,OECD.ECO.MAD:DSD_EO@DF_EO(1.2),Perspectives Economiques 116,I,USA,États-Unis,UNR,Taux de chômage,Q,Trimestrielle,2022-Q1,,3.82825435181477,,,,PT_LF,Pourcentage des dépenses de santé,0,Units,,,,,,,2,Two,,,,
DATAFLOW,OECD.ECO.MAD:DSD_EO@DF_EO(1.2),Perspectives Economiques 116,I,USA,États-Unis,UNR,Taux de chômage,Q,Trimestrielle,2022-Q2,,3.65304223830108,,,,PT_LF,Pourcentage des dépenses de santé,0,Units,,,,,,,2,Two,,,,
DATAFLOW,OECD.ECO.MAD:DSD_EO@DF_EO(1.2),Perspectives Economiques 116,I,USA,États-Unis,UNR,Taux de chômage,Q,Trimestrielle,2022-Q3,,3.55067837999391,,,,PT_LF,Pourcentage des dépenses de santé,0,Units,,,,,,,2,Two,,,,
DATAFLOW,OECD.ECO.MAD:DSD_EO@DF_EO(1.2),Perspectives Economiques 116,I,USA,États-Unis,UNR,Taux de chômage,Q,Trimestrielle,2022-Q4,,3.56271174092019,,,,PT_LF,Pourcentage des dépenses de santé,0,Units,,,,,,,2,Two,,,,
DATAFLOW,OECD.ECO.MAD:DSD_EO@DF_EO(1.2),Perspectives Economiques 116,I,USA,États-Unis,UNR,Taux de chômage,Q,Trimestrielle,2023-Q1,,3.51767356823248,,,,PT_LF,Pourcentage des dépenses de santé,0,Units,,,,,,,2,Two,,,,
DATAFLOW,OECD.ECO.MAD:DSD_EO@DF_EO(1.2),Perspectives Economiques 116,I,USA,États-Unis,UNR,Taux de chômage,Q,Trimestrielle,2023-Q2,,3.56203084509342,,,,PT_LF,Pourcentage des dépenses de santé,0,Units,,,,,,,2,Two,,,,
DATAFLOW,OECD.ECO.MAD:DSD_EO@DF_EO(1.2),Perspectives Economiques 116,I,USA,États-Unis,UNR,Taux de chômage,Q,Trimestrielle,2023-Q3,,3.69712637963607,,,,PT_LF,Pourcentage des dépenses de santé,0,Units,,,,,,,2,Two,,,,
DATAFLOW,OECD.ECO.MAD:DSD_EO@DF_EO(1.2),Perspectives Economiques 116,I,USA,États-Unis,UNR,Taux de chômage,Q,Trimestrielle,2023-Q4,,3.76951367074574,,,,PT_LF,Pourcentage des dépenses de santé,0,Units,,,,,,,2,Two,,,,
DATAFLOW,OECD.ECO.MAD:DSD_EO@DF_EO(1.2),Perspectives Economiques 116,I,USA,États-Unis,UNR,Taux de chômage,Q,Trimestrielle,2024-Q1,,3.78255341754926,,,,PT_LF,Pourcentage des dépenses de santé,0,Units,,,,,,,2,Two,,,,
DATAFLOW,OECD.ECO.MAD:DSD_EO@DF_EO(1.2),Perspectives Economiques 116,I,USA,États-Unis,UNR,Taux de chômage,Q,Trimestrielle,2024-Q2,,3.96051004222558,,,,PT_LF,Pourcentage des dépenses de santé,0,Units,,,,,,,2,Two,,,,
DATAFLOW,OECD.ECO.MAD:DSD_EO@DF_EO(1.2),Perspectives Economiques 116,I,USA,États-Unis,UNR,Taux de chômage,Q,Trimestrielle,2024-Q3,,4.1751948378117,,,,PT_LF,Pourcentage des dépenses de santé,0,Units,,,,,,,2,Two,,,,
DATAFLOW,OECD.ECO.MAD:DSD_EO@DF_EO(1.2),Perspectives Economiques 116,I,USA,États-Unis,UNR,Taux de chômage,Q,Trimestrielle,2024-Q4,,4.1640780471259,,,,PT_LF,Pourcentage des dépenses de santé,0,Units,,,,,,,2,Two,,,,
DATAFLOW,OECD.ECO.MAD:DSD_EO@DF_EO(1.2),Perspectives Economiques 116,I,USA,États-Unis,UNR,Taux de chômage,Q,Trimestrielle,2025-Q1,,4.15375565379422,,,,PT_LF,Pourcentage des dépenses de santé,0,Units,,,,,,,2,Two,,,,
DATAFLOW,OECD.ECO.MAD:DSD_EO@DF_EO(1.2),Perspectives Economiques 116,I,USA,États-Unis,UNR,Taux de chômage,Q,Trimestrielle,2004-Q2,,5.58912489379779,,,,PT_LF,Pourcentage des dépenses de santé,0,Units,,,,,,,2,Two,,,,
DATAFLOW,OECD.ECO.MAD:DSD_EO@DF_EO(1.2),Perspectives Economiques 116,I,USA,États-Unis,UNR,Taux de chômage,Q,Trimestrielle,2004-Q3,,5.4340582509358,,,,PT_LF,Pourcentage des dépenses de santé,0,Units,,,,,,,2,Two,,,,
DATAFLOW,OECD.ECO.MAD:DSD_EO@DF_EO(1.2),Perspectives Economiques 116,I,USA,États-Unis,UNR,Taux de chômage,Q,Trimestrielle,2004-Q4,,5.38856882891079,,,,PT_LF,Pourcentage des dépenses de santé,0,Units,,,,,,,2,Two,,,,
DATAFLOW,OECD.ECO.MAD:DSD_EO@DF_EO(1.2),Perspectives Economiques 116,I,USA,États-Unis,UNR,Taux de chômage,Q,Trimestrielle,2005-Q1,,5.28346343393648,,,,PT_LF,Pourcentage des dépenses de santé,0,Units,,,,,,,2,Two,,,,
DATAFLOW,OECD.ECO.MAD:DSD_EO@DF_EO(1.2),Perspectives Economiques 116,I,USA,États-Unis,UNR,Taux de chômage,Q,Trimestrielle,2005-Q2,,5.10655417109013,,,,PT_LF,Pourcentage des dépenses de santé,0,Units,,,,,,,2,Two,,,,
DATAFLOW,OECD.ECO.MAD:DSD_EO@DF_EO(1.2),Perspectives Economiques 116,I,USA,États-Unis,UNR,Taux de chômage,Q,Trimestrielle,2005-Q3,,4.96565849966047,,,,PT_LF,Pourcentage des dépenses de santé,0,Units,,,,,,,2,Two,,,,
DATAFLOW,OECD.ECO.MAD:DSD_EO@DF_EO(1.2),Perspectives Economiques 116,I,USA,États-Unis,UNR,Taux de chômage,Q,Trimestrielle,2005-Q4,,4.95383207138033,,,,PT_LF,Pourcentage des dépenses de santé,0,Units,,,,,,,2,Two,,,,
DATAFLOW,OECD.ECO.MAD:DSD_EO@DF_EO(1.2),Perspectives Economiques 116,I,USA,États-Unis,UNR,Taux de chômage,Q,Trimestrielle,2006-Q1,,4.72028126854237,,,,PT_LF,Pourcentage des dépenses de santé,0,Units,,,,,,,2,Two,,,,
DATAFLOW,OECD.ECO.MAD:DSD_EO@DF_EO(1.2),Perspectives Economiques 116,I,USA,États-Unis,UNR,Taux de chômage,Q,Trimestrielle,2006-Q2,,4.65493355452413,,,,PT_LF,Pourcentage des dépenses de santé,0,Units,,,,,,,2,Two,,,,
DATAFLOW,OECD.ECO.MAD:DSD_EO@DF_EO(1.2),Perspectives Economiques 116,I,USA,États-Unis,UNR,Taux de chômage,Q,Trimestrielle,2006-Q3,,4.64271970621543,,,,PT_LF,Pourcentage des dépenses de santé,0,Units,,,,,,,2,Two,,,,
DATAFLOW,OECD.ECO.MAD:DSD_EO@DF_EO(1.2),Perspectives Economiques 116,I,USA,États-Unis,UNR,Taux de chômage,Q,Trimestrielle,2006-Q4,,4.45361663593472,,,,PT_LF,Pourcentage des dépenses de santé,0,Units,,,,,,,2,Two,,,,
DATAFLOW,OECD.ECO.MAD:DSD_EO@DF_EO(1.2),Perspectives Economiques 116,I,USA,États-Unis,UNR,Taux de chômage,Q,Trimestrielle,2007-Q1,,4.52395367373873,,,,PT_LF,Pourcentage des dépenses de santé,0,Units,,,,,,,2,Two,,,,
DATAFLOW,OECD.ECO.MAD:DSD_EO@DF_EO(1.2),Perspectives Economiques 116,I,USA,États-Unis,UNR,Taux de chômage,Q,Trimestrielle,2007-Q2,,4.49507362281894,,,,PT_LF,Pourcentage des dépenses de santé,0,Units,,,,,,,2,Two,,,,
DATAFLOW,OECD.ECO.MAD:DSD_EO@DF_EO(1.2),Perspectives Economiques 116,I,USA,États-Unis,UNR,Taux de chômage,Q,Trimestrielle,2007-Q3,,4.65705755666712,,,,PT_LF,Pourcentage des dépenses de santé,0,Units,,,,,,,2,Two,,,,
DATAFLOW,OECD.ECO.MAD:DSD_EO@DF_EO(1.2),Perspectives Economiques 116,I,USA,États-Unis,UNR,Taux de chômage,Q,Trimestrielle,2007-Q4,,4.79936477081417,,,,PT_LF,Pourcentage des dépenses de santé,0,Units,,,,,,,2,Two,,,,
DATAFLOW,OECD.ECO.MAD:DSD_EO@DF_EO(1.2),Perspectives Economiques 116,I,USA,États-Unis,UNR,Taux de chômage,Q,Trimestrielle,2008-Q1,,4.98327643276779,,,,PT_LF,Pourcentage des dépenses de santé,0,Units,,,,,,,2,Two,,,,
DATAFLOW,OECD.ECO.MAD:DSD_EO@DF_EO(1.2),Perspectives Economiques 116,I,USA,États-Unis,UNR,Taux de chômage,Q,Trimestrielle,2008-Q2,,5.32197194978212,,,,PT_LF,Pourcentage des dépenses de santé,0,Units,,,,,,,2,Two,,,,
DATAFLOW,OECD.ECO.MAD:DSD_EO@DF_EO(1.2),Perspectives Economiques 116,I,USA,États-Unis,UNR,Taux de chômage,Q,Trimestrielle,2008-Q3,,6.01039510006901,,,,PT_LF,Pourcentage des dépenses de santé,0,Units,,,,,,,2,Two,,,,
DATAFLOW,OECD.ECO.MAD:DSD_EO@DF_EO(1.2),Perspectives Economiques 116,I,USA,États-Unis,UNR,Taux de chômage,Q,Trimestrielle,2008-Q4,,6.87226662645151,,,,PT_LF,Pourcentage des dépenses de santé,0,Units,,,,,,,2,Two,,,,
DATAFLOW,OECD.ECO.MAD:DSD_EO@DF_EO(1.2),Perspectives Economiques 116,I,USA,États-Unis,UNR,Taux de chômage,Q,Trimestrielle,2025-Q4,,4.1241805552302,,,,PT_LF,Pourcentage des dépenses de santé,0,Units,,,,,,,2,Two,,,,
DATAFLOW,OECD.ECO.MAD:DSD_EO@DF_EO(1.2),Perspectives Economiques 116,I,USA,États-Unis,UNR,Taux de chômage,Q,Trimestrielle,2026-Q1,,4.11513730443227,,,,PT_LF,Pourcentage des dépenses de santé,0,Units,,,,,,,2,Two,,,,
DATAFLOW,OECD.ECO.MAD:DSD_EO@DF_EO(1.2),Perspectives Economiques 116,I,USA,États-Unis,UNR,Taux de chômage,Q,Trimestrielle,2026-Q2,,4.10613362583697,,,,PT_LF,Pourcentage des dépenses de santé,0,Units,,,,,,,2,Two,,,,
DATAFLOW,OECD.ECO.MAD:DSD_EO@DF_EO(1.2),Perspectives Economiques 116,I,USA,États-Unis,UNR,Taux de chômage,Q,Trimestrielle,2026-Q3,,4.09716926026641,,,,PT_LF,Pourcentage des dépenses de santé,0,Units,,,,,,,2,Two,,,,
DATAFLOW,OECD.ECO.MAD:DSD_EO@DF_EO(1.2),Perspectives Economiques 116,I,USA,États-Unis,UNR,Taux de chômage,Q,Trimestrielle,2026-Q4,,4.08824395080108,,,,PT_LF,Pourcentage des dépenses de santé,0,Units,,,,,,,2,Two,,,,
DATAFLOW,OECD.ECO.MAD:DSD_EO@DF_EO(1.2),Perspectives Economiques 116,I,USA,États-Unis,UNR,Taux de chômage,Q,Trimestrielle,2011-Q1,,9.039845341881,,,,PT_LF,Pourcentage des dépenses de santé,0,Units,,,,,,,2,Two,,,,
DATAFLOW,OECD.ECO.MAD:DSD_EO@DF_EO(1.2),Perspectives Economiques 116,I,USA,États-Unis,UNR,Taux de chômage,Q,Trimestrielle,2011-Q2,,9.07404511173669,,,,PT_LF,Pourcentage des dépenses de santé,0,Units,,,,,,,2,Two,,,,
DATAFLOW,OECD.ECO.MAD:DSD_EO@DF_EO(1.2),Perspectives Economiques 116,I,USA,États-Unis,UNR,Taux de chômage,Q,Trimestrielle,2011-Q3,,9.00518020118002,,,,PT_LF,Pourcentage des dépenses de santé,0,Units,,,,,,,2,Two,,,,
DATAFLOW,OECD.ECO.MAD:DSD_EO@DF_EO(1.2),Perspectives Economiques 116,I,USA,États-Unis,UNR,Taux de chômage,Q,Trimestrielle,2011-Q4,,8.6538378303512,,,,PT_LF,Pourcentage des dépenses de santé,0,Units,,,,,,,2,Two,,,,
DATAFLOW,OECD.ECO.MAD:DSD_EO@DF_EO(1.2),Perspectives Economiques 116,I,USA,États-Unis,UNR,Taux de chômage,Q,Trimestrielle,2012-Q1,,8.26281099005803,,,,PT_LF,Pourcentage des dépenses de santé,0,Units,,,,,,,2,Two,,,,
DATAFLOW,OECD.ECO.MAD:DSD_EO@DF_EO(1.2),Perspectives Economiques 116,I,USA,États-Unis,UNR,Taux de chômage,Q,Trimestrielle,2012-Q2,,8.18051471063137,,,,PT_LF,Pourcentage des dépenses de santé,0,Units,,,,,,,2,Two,,,,
DATAFLOW,OECD.ECO.MAD:DSD_EO@DF_EO(1.2),Perspectives Economiques 116,I,USA,États-Unis,UNR,Taux de chômage,Q,Trimestrielle,2012-Q3,,8.01168496206497,,,,PT_LF,Pourcentage des dépenses de santé,0,Units,,,,,,,2,Two,,,,
DATAFLOW,OECD.ECO.MAD:DSD_EO@DF_EO(1.2),Perspectives Economiques 116,I,USA,États-Unis,UNR,Taux de chômage,Q,Trimestrielle,2012-Q4,,7.80802537940494,,,,PT_LF,Pourcentage des dépenses de santé,0,Units,,,,,,,2,Two,,,,
DATAFLOW,OECD.ECO.MAD:DSD_EO@DF_EO(1.2),Perspectives Economiques 116,I,USA,États-Unis,UNR,Taux de chômage,Q,Trimestrielle,2013-Q1,,7.74759697905961,,,,PT_LF,Pourcentage des dépenses de santé,0,Units,,,,,,,2,Two,,,,
DATAFLOW,OECD.ECO.MAD:DSD_EO@DF_EO(1.2),Perspectives Economiques 116,I,USA,États-Unis,UNR,Taux de chômage,Q,Trimestrielle,2013-Q2,,7.53472943929338,,,,PT_LF,Pourcentage des dépenses de santé,0,Units,,,,,,,2,Two,,,,
DATAFLOW,OECD.ECO.MAD:DSD_EO@DF_EO(1.2),Perspectives Economiques 116,I,USA,États-Unis,UNR,Taux de chômage,Q,Trimestrielle,2013-Q3,,7.25715423942613,,,,PT_LF,Pourcentage des dépenses de santé,0,Units,,,,,,,2,Two,,,,
DATAFLOW,OECD.ECO.MAD:DSD_EO@DF_EO(1.2),Perspectives Economiques 116,I,USA,États-Unis,UNR,Taux de chômage,Q,Trimestrielle,2013-Q4,,6.95003439972458,,,,PT_LF,Pourcentage des dépenses de santé,0,Units,,,,,,,2,Two,,,,
DATAFLOW,OECD.ECO.MAD:DSD_EO@DF_EO(1.2),Perspectives Economiques 116,I,USA,États-Unis,UNR,Taux de chômage,Q,Trimestrielle,2014-Q1,,6.62528407691313,,,,PT_LF,Pourcentage des dépenses de santé,0,Units,,,,,,,2,Two,,,,
DATAFLOW,OECD.ECO.MAD:DSD_EO@DF_EO(1.2),Perspectives Economiques 116,I,USA,États-Unis,UNR,Taux de chômage,Q,Trimestrielle,2014-Q2,,6.21754220584476,,,,PT_LF,Pourcentage des dépenses de santé,0,Units,,,,,,,2,Two,,,,
DATAFLOW,OECD.ECO.MAD:DSD_EO@DF_EO(1.2),Perspectives Economiques 116,I,USA,États-Unis,UNR,Taux de chômage,Q,Trimestrielle,2014-Q3,,6.08103345529575,,,,PT_LF,Pourcentage des dépenses de santé,0,Units,,,,,,,2,Two,,,,
DATAFLOW,OECD.ECO.MAD:DSD_EO@DF_EO(1.2),Perspectives Economiques 116,I,USA,États-Unis,UNR,Taux de chômage,Q,Trimestrielle,2014-Q4,,5.71068721323472,,,,PT_LF,Pourcentage des dépenses de santé,0,Units,,,,,,,2,Two,,,,
DATAFLOW,OECD.ECO.MAD:DSD_EO@DF_EO(1.2),Perspectives Economiques 116,I,USA,États-Unis,UNR,Taux de chômage,Q,Trimestrielle,2015-Q1,,5.52797368583296,,,,PT_LF,Pourcentage des dépenses de santé,0,Units,,,,,,,2,Two,,,,
DATAFLOW,OECD.ECO.MAD:DSD_EO@DF_EO(1.2),Perspectives Economiques 116,I,USA,États-Unis,UNR,Taux de chômage,Q,Trimestrielle,2015-Q2,,5.43248553859588,,,,PT_LF,Pourcentage des dépenses de santé,0,Units,,,,,,,2,Two,,,,
DATAFLOW,OECD.ECO.MAD:DSD_EO@DF_EO(1.2),Perspectives Economiques 116,I,USA,États-Unis,UNR,Taux de chômage,Q,Trimestrielle,2015-Q3,,5.11040513737423,,,,PT_LF,Pourcentage des dépenses de santé,0,Units,,,,,,,2,Two,,,,
DATAFLOW,OECD.ECO.MAD:DSD_EO@DF_EO(1.2),Perspectives Economiques 116,I,USA,États-Unis,UNR,Taux de chômage,Q,Trimestrielle,2015-Q4,,5.04120254302752,,,,PT_LF,Pourcentage des dépenses de santé,0,Units,,,,,,,2,Two,,,,
DATAFLOW,OECD.ECO.MAD:DSD_EO@DF_EO(1.2),Perspectives Economiques 116,I,USA,États-Unis,UNR,Taux de chômage,Q,Trimestrielle,2016-Q1,,4.89162968206191,,,,PT_LF,Pourcentage des dépenses de santé,0,Units,,,,,,,2,Two,,,,
DATAFLOW,OECD.ECO.MAD:DSD_EO@DF_EO(1.2),Perspectives Economiques 116,I,USA,États-Unis,UNR,Taux de chômage,Q,Trimestrielle,2016-Q2,,4.91998188269042,,,,PT_LF,Pourcentage des dépenses de santé,0,Units,,,,,,,2,Two,,,,
DATAFLOW,OECD.ECO.MAD:DSD_EO@DF_EO(1.2),Perspectives Economiques 116,I,USA,États-Unis,UNR,Taux de chômage,Q,Trimestrielle,2016-Q3,,4.88557276318265,,,,PT_LF,Pourcentage des dépenses de santé,0,Units,,,,,,,2,Two,,,,
DATAFLOW,OECD.ECO.MAD:DSD_EO@DF_EO(1.2),Perspectives Economiques 116,I,USA,États-Unis,UNR,Taux de chômage,Q,Trimestrielle,2016-Q4,,4.77976728788652,,,,PT_LF,Pourcentage des dépenses de santé,0,Units,,,,,,,2,Two,,,,
DATAFLOW,OECD.ECO.MAD:DSD_EO@DF_EO(1.2),Perspectives Economiques 116,I,USA,États-Unis,UNR,Taux de chômage,Q,Trimestrielle,2017-Q1,,4.57011442487302,,,,PT_LF,Pourcentage des dépenses de santé,0,Units,,,,,,,2,Two,,,,
DATAFLOW,OECD.ECO.MAD:DSD_EO@DF_EO(1.2),Perspectives Economiques 116,I,USA,États-Unis,UNR,Taux de chômage,Q,Trimestrielle,2017-Q2,,4.36179398882679,,,,PT_LF,Pourcentage des dépenses de santé,0,Units,,,,,,,2,Two,,,,
DATAFLOW,OECD.ECO.MAD:DSD_EO@DF_EO(1.2),Perspectives Economiques 116,I,USA,États-Unis,UNR,Taux de chômage,Q,Trimestrielle,2017-Q3,,4.31989182642434,,,,PT_LF,Pourcentage des dépenses de santé,0,Units,,,,,,,2,Two,,,,
DATAFLOW,OECD.ECO.MAD:DSD_EO@DF_EO(1.2),Perspectives Economiques 116,I,USA,États-Unis,UNR,Taux de chômage,Q,Trimestrielle,2017-Q4,,4.17616108910417,,,,PT_LF,Pourcentage des dépenses de santé,0,Units,,,,,,,2,Two,,,,
DATAFLOW,OECD.ECO.MAD:DSD_EO@DF_EO(1.2),Perspectives Economiques 116,I,USA,États-Unis,UNR,Taux de chômage,Q,Trimestrielle,2018-Q1,,4.0344524317785,,,,PT_LF,Pourcentage des dépenses de santé,0,Units,,,,,,,2,Two,,,,
DATAFLOW,OECD.ECO.MAD:DSD_EO@DF_EO(1.2),Perspectives Economiques 116,I,USA,États-Unis,UNR,Taux de chômage,Q,Trimestrielle,2018-Q2,,3.9320419324497,,,,PT_LF,Pourcentage des dépenses de santé,0,Units,,,,,,,2,Two,,,,
DATAFLOW,OECD.ECO.MAD:DSD_EO@DF_EO(1.2),Perspectives Economiques 116,I,USA,États-Unis,IRCB,Taux d'int‚rˆt directeur des banques centrales,Q,Trimestrielle,2020-Q3,,0.125,,,,PO,Points,0,Units,,,,,,,2,Two,,,,
DATAFLOW,OECD.ECO.MAD:DSD_EO@DF_EO(1.2),Perspectives Economiques 116,I,USA,États-Unis,IRCB,Taux d'int‚rˆt directeur des banques centrales,Q,Trimestrielle,2020-Q4,,0.125,,,,PO,Points,0,Units,,,,,,,2,Two,,,,
DATAFLOW,OECD.ECO.MAD:DSD_EO@DF_EO(1.2),Perspectives Economiques 116,I,USA,États-Unis,IRCB,Taux d'int‚rˆt directeur des banques centrales,Q,Trimestrielle,2021-Q1,,0.125,,,,PO,Points,0,Units,,,,,,,2,Two,,,,
DATAFLOW,OECD.ECO.MAD:DSD_EO@DF_EO(1.2),Perspectives Economiques 116,I,USA,États-Unis,IRCB,Taux d'int‚rˆt directeur des banques centrales,Q,Trimestrielle,2021-Q2,,0.125,,,,PO,Points,0,Units,,,,,,,2,Two,,,,
DATAFLOW,OECD.ECO.MAD:DSD_EO@DF_EO(1.2),Perspectives Economiques 116,I,USA,États-Unis,IRCB,Taux d'int‚rˆt directeur des banques centrales,Q,Trimestrielle,2007-Q3,,4.75,,,,PO,Points,0,Units,,,,,,,2,Two,,,,
DATAFLOW,OECD.ECO.MAD:DSD_EO@DF_EO(1.2),Perspectives Economiques 116,I,USA,États-Unis,IRCB,Taux d'int‚rˆt directeur des banques centrales,Q,Trimestrielle,2003-Q3,,1,,,,PO,Points,0,Units,,,,,,,2,Two,,,,
DATAFLOW,OECD.ECO.MAD:DSD_EO@DF_EO(1.2),Perspectives Economiques 116,I,USA,États-Unis,IRCB,Taux d'int‚rˆt directeur des banques centrales,Q,Trimestrielle,2003-Q4,,1,,,,PO,Points,0,Units,,,,,,,2,Two,,,,
DATAFLOW,OECD.ECO.MAD:DSD_EO@DF_EO(1.2),Perspectives Economiques 116,I,USA,États-Unis,IRCB,Taux d'int‚rˆt directeur des banques centrales,Q,Trimestrielle,2004-Q1,,1,,,,PO,Points,0,Units,,,,,,,2,Two,,,,
DATAFLOW,OECD.ECO.MAD:DSD_EO@DF_EO(1.2),Perspectives Economiques 116,I,USA,États-Unis,IRCB,Taux d'int‚rˆt directeur des banques centrales,Q,Trimestrielle,2004-Q2,,1.25,,,,PO,Points,0,Units,,,,,,,2,Two,,,,
DATAFLOW,OECD.ECO.MAD:DSD_EO@DF_EO(1.2),Perspectives Economiques 116,I,USA,États-Unis,IRCB,Taux d'int‚rˆt directeur des banques centrales,Q,Trimestrielle,2004-Q3,,1.75,,,,PO,Points,0,Units,,,,,,,2,Two,,,,
DATAFLOW,OECD.ECO.MAD:DSD_EO@DF_EO(1.2),Perspectives Economiques 116,I,USA,États-Unis,IRCB,Taux d'int‚rˆt directeur des banques centrales,Q,Trimestrielle,2014-Q3,,0.125,,,,PO,Points,0,Units,,,,,,,2,Two,,,,
DATAFLOW,OECD.ECO.MAD:DSD_EO@DF_EO(1.2),Perspectives Economiques 116,I,USA,États-Unis,IRCB,Taux d'int‚rˆt directeur des banques centrales,Q,Trimestrielle,2014-Q4,,0.125,,,,PO,Points,0,Units,,,,,,,2,Two,,,,
DATAFLOW,OECD.ECO.MAD:DSD_EO@DF_EO(1.2),Perspectives Economiques 116,I,USA,États-Unis,IRCB,Taux d'int‚rˆt directeur des banques centrales,Q,Trimestrielle,2012-Q3,,0.125,,,,PO,Points,0,Units,,,,,,,2,Two,,,,
DATAFLOW,OECD.ECO.MAD:DSD_EO@DF_EO(1.2),Perspectives Economiques 116,I,USA,États-Unis,IRCB,Taux d'int‚rˆt directeur des banques centrales,Q,Trimestrielle,2012-Q4,,0.125,,,,PO,Points,0,Units,,,,,,,2,Two,,,,
DATAFLOW,OECD.ECO.MAD:DSD_EO@DF_EO(1.2),Perspectives Economiques 116,I,USA,États-Unis,IRCB,Taux d'int‚rˆt directeur des banques centrales,Q,Trimestrielle,2013-Q1,,0.125,,,,PO,Points,0,Units,,,,,,,2,Two,,,,
DATAFLOW,OECD.ECO.MAD:DSD_EO@DF_EO(1.2),Perspectives Economiques 116,I,USA,États-Unis,IRCB,Taux d'int‚rˆt directeur des banques centrales,Q,Trimestrielle,2013-Q2,,0.125,,,,PO,Points,0,Units,,,,,,,2,Two,,,,
DATAFLOW,OECD.ECO.MAD:DSD_EO@DF_EO(1.2),Perspectives Economiques 116,I,USA,États-Unis,IRCB,Taux d'int‚rˆt directeur des banques centrales,Q,Trimestrielle,2013-Q3,,0.125,,,,PO,Points,0,Units,,,,,,,2,Two,,,,
DATAFLOW,OECD.ECO.MAD:DSD_EO@DF_EO(1.2),Perspectives Economiques 116,I,USA,États-Unis,IRCB,Taux d'int‚rˆt directeur des banques centrales,Q,Trimestrielle,2013-Q4,,0.125,,,,PO,Points,0,Units,,,,,,,2,Two,,,,
DATAFLOW,OECD.ECO.MAD:DSD_EO@DF_EO(1.2),Perspectives Economiques 116,I,USA,États-Unis,IRCB,Taux d'int‚rˆt directeur des banques centrales,Q,Trimestrielle,2014-Q1,,0.125,,,,PO,Points,0,Units,,,,,,,2,Two,,,,
DATAFLOW,OECD.ECO.MAD:DSD_EO@DF_EO(1.2),Perspectives Economiques 116,I,USA,États-Unis,IRCB,Taux d'int‚rˆt directeur des banques centrales,Q,Trimestrielle,2014-Q2,,0.125,,,,PO,Points,0,Units,,,,,,,2,Two,,,,
DATAFLOW,OECD.ECO.MAD:DSD_EO@DF_EO(1.2),Perspectives Economiques 116,I,USA,États-Unis,IRCB,Taux d'int‚rˆt directeur des banques centrales,Q,Trimestrielle,2004-Q4,,2.25,,,,PO,Points,0,Units,,,,,,,2,Two,,,,
DATAFLOW,OECD.ECO.MAD:DSD_EO@DF_EO(1.2),Perspectives Economiques 116,I,USA,États-Unis,IRCB,Taux d'int‚rˆt directeur des banques centrales,Q,Trimestrielle,2005-Q1,,2.75,,,,PO,Points,0,Units,,,,,,,2,Two,,,,
DATAFLOW,OECD.ECO.MAD:DSD_EO@DF_EO(1.2),Perspectives Economiques 116,I,USA,États-Unis,IRCB,Taux d'int‚rˆt directeur des banques centrales,Q,Trimestrielle,2005-Q2,,3.25,,,,PO,Points,0,Units,,,,,,,2,Two,,,,
DATAFLOW,OECD.ECO.MAD:DSD_EO@DF_EO(1.2),Perspectives Economiques 116,I,USA,États-Unis,IRCB,Taux d'int‚rˆt directeur des banques centrales,Q,Trimestrielle,2005-Q3,,3.75,,,,PO,Points,0,Units,,,,,,,2,Two,,,,
DATAFLOW,OECD.ECO.MAD:DSD_EO@DF_EO(1.2),Perspectives Economiques 116,I,USA,États-Unis,IRCB,Taux d'int‚rˆt directeur des banques centrales,Q,Trimestrielle,2005-Q4,,4.25,,,,PO,Points,0,Units,,,,,,,2,Two,,,,
DATAFLOW,OECD.ECO.MAD:DSD_EO@DF_EO(1.2),Perspectives Economiques 116,I,USA,États-Unis,IRCB,Taux d'int‚rˆt directeur des banques centrales,Q,Trimestrielle,2006-Q1,,4.75,,,,PO,Points,0,Units,,,,,,,2,Two,,,,
DATAFLOW,OECD.ECO.MAD:DSD_EO@DF_EO(1.2),Perspectives Economiques 116,I,USA,États-Unis,IRCB,Taux d'int‚rˆt directeur des banques centrales,Q,Trimestrielle,2006-Q2,,5.25,,,,PO,Points,0,Units,,,,,,,2,Two,,,,
DATAFLOW,OECD.ECO.MAD:DSD_EO@DF_EO(1.2),Perspectives Economiques 116,I,USA,États-Unis,IRCB,Taux d'int‚rˆt directeur des banques centrales,Q,Trimestrielle,2006-Q3,,5.25,,,,PO,Points,0,Units,,,,,,,2,Two,,,,
DATAFLOW,OECD.ECO.MAD:DSD_EO@DF_EO(1.2),Perspectives Economiques 116,I,USA,États-Unis,IRCB,Taux d'int‚rˆt directeur des banques centrales,Q,Trimestrielle,2006-Q4,,5.25,,,,PO,Points,0,Units,,,,,,,2,Two,,,,
DATAFLOW,OECD.ECO.MAD:DSD_EO@DF_EO(1.2),Perspectives Economiques 116,I,USA,États-Unis,IRCB,Taux d'int‚rˆt directeur des banques centrales,Q,Trimestrielle,2007-Q1,,5.25,,,,PO,Points,0,Units,,,,,,,2,Two,,,,
DATAFLOW,OECD.ECO.MAD:DSD_EO@DF_EO(1.2),Perspectives Economiques 116,I,USA,États-Unis,IRCB,Taux d'int‚rˆt directeur des banques centrales,Q,Trimestrielle,2007-Q2,,5.25,,,,PO,Points,0,Units,,,,,,,2,Two,,,,
DATAFLOW,OECD.ECO.MAD:DSD_EO@DF_EO(1.2),Perspectives Economiques 116,I,USA,États-Unis,IRCB,Taux d'int‚rˆt directeur des banques centrales,Q,Trimestrielle,2021-Q3,,0.125,,,,PO,Points,0,Units,,,,,,,2,Two,,,,
DATAFLOW,OECD.ECO.MAD:DSD_EO@DF_EO(1.2),Perspectives Economiques 116,I,USA,États-Unis,IRCB,Taux d'int‚rˆt directeur des banques centrales,Q,Trimestrielle,2021-Q4,,0.125,,,,PO,Points,0,Units,,,,,,,2,Two,,,,
DATAFLOW,OECD.ECO.MAD:DSD_EO@DF_EO(1.2),Perspectives Economiques 116,I,USA,États-Unis,IRCB,Taux d'int‚rˆt directeur des banques centrales,Q,Trimestrielle,2022-Q1,,0.375,,,,PO,Points,0,Units,,,,,,,2,Two,,,,
DATAFLOW,OECD.ECO.MAD:DSD_EO@DF_EO(1.2),Perspectives Economiques 116,I,USA,États-Unis,IRCB,Taux d'int‚rˆt directeur des banques centrales,Q,Trimestrielle,2022-Q2,,1.625,,,,PO,Points,0,Units,,,,,,,2,Two,,,,
DATAFLOW,OECD.ECO.MAD:DSD_EO@DF_EO(1.2),Perspectives Economiques 116,I,USA,États-Unis,IRCB,Taux d'int‚rˆt directeur des banques centrales,Q,Trimestrielle,2022-Q3,,3.125,,,,PO,Points,0,Units,,,,,,,2,Two,,,,
DATAFLOW,OECD.ECO.MAD:DSD_EO@DF_EO(1.2),Perspectives Economiques 116,I,USA,États-Unis,IRCB,Taux d'int‚rˆt directeur des banques centrales,Q,Trimestrielle,2022-Q4,,4.375,,,,PO,Points,0,Units,,,,,,,2,Two,,,,
DATAFLOW,OECD.ECO.MAD:DSD_EO@DF_EO(1.2),Perspectives Economiques 116,I,USA,États-Unis,IRCB,Taux d'int‚rˆt directeur des banques centrales,Q,Trimestrielle,2023-Q1,,4.875,,,,PO,Points,0,Units,,,,,,,2,Two,,,,
DATAFLOW,OECD.ECO.MAD:DSD_EO@DF_EO(1.2),Perspectives Economiques 116,I,USA,États-Unis,IRCB,Taux d'int‚rˆt directeur des banques centrales,Q,Trimestrielle,2023-Q2,,5.125,,,,PO,Points,0,Units,,,,,,,2,Two,,,,
DATAFLOW,OECD.ECO.MAD:DSD_EO@DF_EO(1.2),Perspectives Economiques 116,I,USA,États-Unis,IRCB,Taux d'int‚rˆt directeur des banques centrales,Q,Trimestrielle,2023-Q3,,5.375,,,,PO,Points,0,Units,,,,,,,2,Two,,,,
DATAFLOW,OECD.ECO.MAD:DSD_EO@DF_EO(1.2),Perspectives Economiques 116,I,USA,États-Unis,IRCB,Taux d'int‚rˆt directeur des banques centrales,Q,Trimestrielle,2023-Q4,,5.375,,,,PO,Points,0,Units,,,,,,,2,Two,,,,
DATAFLOW,OECD.ECO.MAD:DSD_EO@DF_EO(1.2),Perspectives Economiques 116,I,USA,États-Unis,IRCB,Taux d'int‚rˆt directeur des banques centrales,Q,Trimestrielle,2024-Q1,,5.375,,,,PO,Points,0,Units,,,,,,,2,Two,,,,
DATAFLOW,OECD.ECO.MAD:DSD_EO@DF_EO(1.2),Perspectives Economiques 116,I,USA,États-Unis,IRCB,Taux d'int‚rˆt directeur des banques centrales,Q,Trimestrielle,2024-Q2,,5.375,,,,PO,Points,0,Units,,,,,,,2,Two,,,,
DATAFLOW,OECD.ECO.MAD:DSD_EO@DF_EO(1.2),Perspectives Economiques 116,I,USA,États-Unis,IRCB,Taux d'int‚rˆt directeur des banques centrales,Q,Trimestrielle,2024-Q3,,4.875,,,,PO,Points,0,Units,,,,,,,2,Two,,,,
DATAFLOW,OECD.ECO.MAD:DSD_EO@DF_EO(1.2),Perspectives Economiques 116,I,USA,États-Unis,IRCB,Taux d'int‚rˆt directeur des banques centrales,Q,Trimestrielle,2024-Q4,,4.63,,,,PO,Points,0,Units,,,,,,,2,Two,,,,
DATAFLOW,OECD.ECO.MAD:DSD_EO@DF_EO(1.2),Perspectives Economiques 116,I,USA,États-Unis,IRCB,Taux d'int‚rˆt directeur des banques centrales,Q,Trimestrielle,2025-Q1,,4.38,,,,PO,Points,0,Units,,,,,,,2,Two,,,,
DATAFLOW,OECD.ECO.MAD:DSD_EO@DF_EO(1.2),Perspectives Economiques 116,I,USA,États-Unis,IRCB,Taux d'int‚rˆt directeur des banques centrales,Q,Trimestrielle,2025-Q2,,4.13,,,,PO,Points,0,Units,,,,,,,2,Two,,,,
DATAFLOW,OECD.ECO.MAD:DSD_EO@DF_EO(1.2),Perspectives Economiques 116,I,USA,États-Unis,IRCB,Taux d'int‚rˆt directeur des banques centrales,Q,Trimestrielle,2025-Q3,,3.88,,,,PO,Points,0,Units,,,,,,,2,Two,,,,
DATAFLOW,OECD.ECO.MAD:DSD_EO@DF_EO(1.2),Perspectives Economiques 116,I,USA,États-Unis,IRCB,Taux d'int‚rˆt directeur des banques centrales,Q,Trimestrielle,2025-Q4,,3.63,,,,PO,Points,0,Units,,,,,,,2,Two,,,,
DATAFLOW,OECD.ECO.MAD:DSD_EO@DF_EO(1.2),Perspectives Economiques 116,I,USA,États-Unis,IRCB,Taux d'int‚rˆt directeur des banques centrales,Q,Trimestrielle,2026-Q1,,3.38,,,,PO,Points,0,Units,,,,,,,2,Two,,,,
DATAFLOW,OECD.ECO.MAD:DSD_EO@DF_EO(1.2),Perspectives Economiques 116,I,USA,États-Unis,IRCB,Taux d'int‚rˆt directeur des banques centrales,Q,Trimestrielle,2026-Q2,,3.38,,,,PO,Points,0,Units,,,,,,,2,Two,,,,
DATAFLOW,OECD.ECO.MAD:DSD_EO@DF_EO(1.2),Perspectives Economiques 116,I,USA,États-Unis,IRCB,Taux d'int‚rˆt directeur des banques centrales,Q,Trimestrielle,2026-Q3,,3.38,,,,PO,Points,0,Units,,,,,,,2,Two,,,,
DATAFLOW,OECD.ECO.MAD:DSD_EO@DF_EO(1.2),Perspectives Economiques 116,I,USA,États-Unis,IRCB,Taux d'int‚rˆt directeur des banques centrales,Q,Trimestrielle,2026-Q4,,3.38,,,,PO,Points,0,Units,,,,,,,2,Two,,,,
DATAFLOW,OECD.ECO.MAD:DSD_EO@DF_EO(1.2),Perspectives Economiques 116,I,USA,États-Unis,IRCB,Taux d'int‚rˆt directeur des banques centrales,Q,Trimestrielle,2007-Q4,,4.25,,,,PO,Points,0,Units,,,,,,,2,Two,,,,
DATAFLOW,OECD.ECO.MAD:DSD_EO@DF_EO(1.2),Perspectives Economiques 116,I,USA,États-Unis,IRCB,Taux d'int‚rˆt directeur des banques centrales,Q,Trimestrielle,2008-Q1,,2.25,,,,PO,Points,0,Units,,,,,,,2,Two,,,,
DATAFLOW,OECD.ECO.MAD:DSD_EO@DF_EO(1.2),Perspectives Economiques 116,I,USA,États-Unis,IRCB,Taux d'int‚rˆt directeur des banques centrales,Q,Trimestrielle,2008-Q2,,2,,,,PO,Points,0,Units,,,,,,,2,Two,,,,
DATAFLOW,OECD.ECO.MAD:DSD_EO@DF_EO(1.2),Perspectives Economiques 116,I,USA,États-Unis,IRCB,Taux d'int‚rˆt directeur des banques centrales,Q,Trimestrielle,2008-Q3,,2,,,,PO,Points,0,Units,,,,,,,2,Two,,,,
DATAFLOW,OECD.ECO.MAD:DSD_EO@DF_EO(1.2),Perspectives Economiques 116,I,USA,États-Unis,IRCB,Taux d'int‚rˆt directeur des banques centrales,Q,Trimestrielle,2008-Q4,,0.125,,,,PO,Points,0,Units,,,,,,,2,Two,,,,
DATAFLOW,OECD.ECO.MAD:DSD_EO@DF_EO(1.2),Perspectives Economiques 116,I,USA,États-Unis,IRCB,Taux d'int‚rˆt directeur des banques centrales,Q,Trimestrielle,2009-Q1,,0.125,,,,PO,Points,0,Units,,,,,,,2,Two,,,,
DATAFLOW,OECD.ECO.MAD:DSD_EO@DF_EO(1.2),Perspectives Economiques 116,I,USA,États-Unis,IRCB,Taux d'int‚rˆt directeur des banques centrales,Q,Trimestrielle,2009-Q2,,0.125,,,,PO,Points,0,Units,,,,,,,2,Two,,,,
DATAFLOW,OECD.ECO.MAD:DSD_EO@DF_EO(1.2),Perspectives Economiques 116,I,USA,États-Unis,IRCB,Taux d'int‚rˆt directeur des banques centrales,Q,Trimestrielle,2009-Q3,,0.125,,,,PO,Points,0,Units,,,,,,,2,Two,,,,
DATAFLOW,OECD.ECO.MAD:DSD_EO@DF_EO(1.2),Perspectives Economiques 116,I,USA,États-Unis,IRCB,Taux d'int‚rˆt directeur des banques centrales,Q,Trimestrielle,2009-Q4,,0.125,,,,PO,Points,0,Units,,,,,,,2,Two,,,,
DATAFLOW,OECD.ECO.MAD:DSD_EO@DF_EO(1.2),Perspectives Economiques 116,I,USA,États-Unis,IRCB,Taux d'int‚rˆt directeur des banques centrales,Q,Trimestrielle,2010-Q1,,0.125,,,,PO,Points,0,Units,,,,,,,2,Two,,,,
DATAFLOW,OECD.ECO.MAD:DSD_EO@DF_EO(1.2),Perspectives Economiques 116,I,USA,États-Unis,IRCB,Taux d'int‚rˆt directeur des banques centrales,Q,Trimestrielle,2010-Q2,,0.125,,,,PO,Points,0,Units,,,,,,,2,Two,,,,
DATAFLOW,OECD.ECO.MAD:DSD_EO@DF_EO(1.2),Perspectives Economiques 116,I,USA,États-Unis,IRCB,Taux d'int‚rˆt directeur des banques centrales,Q,Trimestrielle,2010-Q3,,0.125,,,,PO,Points,0,Units,,,,,,,2,Two,,,,
DATAFLOW,OECD.ECO.MAD:DSD_EO@DF_EO(1.2),Perspectives Economiques 116,I,USA,États-Unis,IRCB,Taux d'int‚rˆt directeur des banques centrales,Q,Trimestrielle,2010-Q4,,0.125,,,,PO,Points,0,Units,,,,,,,2,Two,,,,
DATAFLOW,OECD.ECO.MAD:DSD_EO@DF_EO(1.2),Perspectives Economiques 116,I,USA,États-Unis,IRCB,Taux d'int‚rˆt directeur des banques centrales,Q,Trimestrielle,2011-Q1,,0.125,,,,PO,Points,0,Units,,,,,,,2,Two,,,,
DATAFLOW,OECD.ECO.MAD:DSD_EO@DF_EO(1.2),Perspectives Economiques 116,I,USA,États-Unis,IRCB,Taux d'int‚rˆt directeur des banques centrales,Q,Trimestrielle,2011-Q2,,0.125,,,,PO,Points,0,Units,,,,,,,2,Two,,,,
DATAFLOW,OECD.ECO.MAD:DSD_EO@DF_EO(1.2),Perspectives Economiques 116,I,USA,États-Unis,IRCB,Taux d'int‚rˆt directeur des banques centrales,Q,Trimestrielle,2011-Q3,,0.125,,,,PO,Points,0,Units,,,,,,,2,Two,,,,
DATAFLOW,OECD.ECO.MAD:DSD_EO@DF_EO(1.2),Perspectives Economiques 116,I,USA,États-Unis,IRCB,Taux d'int‚rˆt directeur des banques centrales,Q,Trimestrielle,2011-Q4,,0.125,,,,PO,Points,0,Units,,,,,,,2,Two,,,,
DATAFLOW,OECD.ECO.MAD:DSD_EO@DF_EO(1.2),Perspectives Economiques 116,I,USA,États-Unis,IRCB,Taux d'int‚rˆt directeur des banques centrales,Q,Trimestrielle,2012-Q1,,0.125,,,,PO,Points,0,Units,,,,,,,2,Two,,,,
DATAFLOW,OECD.ECO.MAD:DSD_EO@DF_EO(1.2),Perspectives Economiques 116,I,USA,États-Unis,IRCB,Taux d'int‚rˆt directeur des banques centrales,Q,Trimestrielle,2012-Q2,,0.125,,,,PO,Points,0,Units,,,,,,,2,Two,,,,
DATAFLOW,OECD.ECO.MAD:DSD_EO@DF_EO(1.2),Perspectives Economiques 116,I,USA,États-Unis,IRCB,Taux d'int‚rˆt directeur des banques centrales,Q,Trimestrielle,2015-Q1,,0.125,,,,PO,Points,0,Units,,,,,,,2,Two,,,,
DATAFLOW,OECD.ECO.MAD:DSD_EO@DF_EO(1.2),Perspectives Economiques 116,I,USA,États-Unis,IRCB,Taux d'int‚rˆt directeur des banques centrales,Q,Trimestrielle,2015-Q2,,0.125,,,,PO,Points,0,Units,,,,,,,2,Two,,,,
DATAFLOW,OECD.ECO.MAD:DSD_EO@DF_EO(1.2),Perspectives Economiques 116,I,USA,États-Unis,IRCB,Taux d'int‚rˆt directeur des banques centrales,Q,Trimestrielle,2015-Q3,,0.125,,,,PO,Points,0,Units,,,,,,,2,Two,,,,
DATAFLOW,OECD.ECO.MAD:DSD_EO@DF_EO(1.2),Perspectives Economiques 116,I,USA,États-Unis,IRCB,Taux d'int‚rˆt directeur des banques centrales,Q,Trimestrielle,2015-Q4,,0.375,,,,PO,Points,0,Units,,,,,,,2,Two,,,,
DATAFLOW,OECD.ECO.MAD:DSD_EO@DF_EO(1.2),Perspectives Economiques 116,I,USA,États-Unis,IRCB,Taux d'int‚rˆt directeur des banques centrales,Q,Trimestrielle,2016-Q1,,0.375,,,,PO,Points,0,Units,,,,,,,2,Two,,,,
DATAFLOW,OECD.ECO.MAD:DSD_EO@DF_EO(1.2),Perspectives Economiques 116,I,USA,États-Unis,IRCB,Taux d'int‚rˆt directeur des banques centrales,Q,Trimestrielle,2016-Q2,,0.375,,,,PO,Points,0,Units,,,,,,,2,Two,,,,
DATAFLOW,OECD.ECO.MAD:DSD_EO@DF_EO(1.2),Perspectives Economiques 116,I,USA,États-Unis,IRCB,Taux d'int‚rˆt directeur des banques centrales,Q,Trimestrielle,2016-Q3,,0.375,,,,PO,Points,0,Units,,,,,,,2,Two,,,,
DATAFLOW,OECD.ECO.MAD:DSD_EO@DF_EO(1.2),Perspectives Economiques 116,I,USA,États-Unis,IRCB,Taux d'int‚rˆt directeur des banques centrales,Q,Trimestrielle,2016-Q4,,0.625,,,,PO,Points,0,Units,,,,,,,2,Two,,,,
DATAFLOW,OECD.ECO.MAD:DSD_EO@DF_EO(1.2),Perspectives Economiques 116,I,USA,États-Unis,IRCB,Taux d'int‚rˆt directeur des banques centrales,Q,Trimestrielle,2017-Q1,,0.875,,,,PO,Points,0,Units,,,,,,,2,Two,,,,
DATAFLOW,OECD.ECO.MAD:DSD_EO@DF_EO(1.2),Perspectives Economiques 116,I,USA,États-Unis,IRCB,Taux d'int‚rˆt directeur des banques centrales,Q,Trimestrielle,2017-Q2,,1.125,,,,PO,Points,0,Units,,,,,,,2,Two,,,,
DATAFLOW,OECD.ECO.MAD:DSD_EO@DF_EO(1.2),Perspectives Economiques 116,I,USA,États-Unis,IRCB,Taux d'int‚rˆt directeur des banques centrales,Q,Trimestrielle,2017-Q3,,1.125,,,,PO,Points,0,Units,,,,,,,2,Two,,,,
DATAFLOW,OECD.ECO.MAD:DSD_EO@DF_EO(1.2),Perspectives Economiques 116,I,USA,États-Unis,IRCB,Taux d'int‚rˆt directeur des banques centrales,Q,Trimestrielle,2017-Q4,,1.375,,,,PO,Points,0,Units,,,,,,,2,Two,,,,
DATAFLOW,OECD.ECO.MAD:DSD_EO@DF_EO(1.2),Perspectives Economiques 116,I,USA,États-Unis,IRCB,Taux d'int‚rˆt directeur des banques centrales,Q,Trimestrielle,2018-Q1,,1.625,,,,PO,Points,0,Units,,,,,,,2,Two,,,,
DATAFLOW,OECD.ECO.MAD:DSD_EO@DF_EO(1.2),Perspectives Economiques 116,I,USA,États-Unis,IRCB,Taux d'int‚rˆt directeur des banques centrales,Q,Trimestrielle,2018-Q2,,1.875,,,,PO,Points,0,Units,,,,,,,2,Two,,,,
DATAFLOW,OECD.ECO.MAD:DSD_EO@DF_EO(1.2),Perspectives Economiques 116,I,USA,États-Unis,IRCB,Taux d'int‚rˆt directeur des banques centrales,Q,Trimestrielle,2018-Q3,,2.125,,,,PO,Points,0,Units,,,,,,,2,Two,,,,
DATAFLOW,OECD.ECO.MAD:DSD_EO@DF_EO(1.2),Perspectives Economiques 116,I,USA,États-Unis,IRCB,Taux d'int‚rˆt directeur des banques centrales,Q,Trimestrielle,2018-Q4,,2.375,,,,PO,Points,0,Units,,,,,,,2,Two,,,,
DATAFLOW,OECD.ECO.MAD:DSD_EO@DF_EO(1.2),Perspectives Economiques 116,I,USA,États-Unis,IRCB,Taux d'int‚rˆt directeur des banques centrales,Q,Trimestrielle,2019-Q1,,2.375,,,,PO,Points,0,Units,,,,,,,2,Two,,,,
DATAFLOW,OECD.ECO.MAD:DSD_EO@DF_EO(1.2),Perspectives Economiques 116,I,USA,États-Unis,IRCB,Taux d'int‚rˆt directeur des banques centrales,Q,Trimestrielle,2019-Q2,,2.375,,,,PO,Points,0,Units,,,,,,,2,Two,,,,
DATAFLOW,OECD.ECO.MAD:DSD_EO@DF_EO(1.2),Perspectives Economiques 116,I,USA,États-Unis,IRCB,Taux d'int‚rˆt directeur des banques centrales,Q,Trimestrielle,2019-Q3,,1.875,,,,PO,Points,0,Units,,,,,,,2,Two,,,,
DATAFLOW,OECD.ECO.MAD:DSD_EO@DF_EO(1.2),Perspectives Economiques 116,I,USA,États-Unis,IRCB,Taux d'int‚rˆt directeur des banques centrales,Q,Trimestrielle,2019-Q4,,1.625,,,,PO,Points,0,Units,,,,,,,2,Two,,,,
DATAFLOW,OECD.ECO.MAD:DSD_EO@DF_EO(1.2),Perspectives Economiques 116,I,USA,États-Unis,IRCB,Taux d'int‚rˆt directeur des banques centrales,Q,Trimestrielle,2020-Q1,,0.125,,,,PO,Points,0,Units,,,,,,,2,Two,,,,
DATAFLOW,OECD.ECO.MAD:DSD_EO@DF_EO(1.2),Perspectives Economiques 116,I,USA,États-Unis,CPI,Indice des prix à la consommation,Q,Trimestrielle,2018-Q4,,1.03096429926444,,,,IX,Indice,0,Units,,,,,,,2,Two,,,,
DATAFLOW,OECD.ECO.MAD:DSD_EO@DF_EO(1.2),Perspectives Economiques 116,I,USA,États-Unis,CPI,Indice des prix à la consommation,Q,Trimestrielle,2019-Q1,,1.03371668142128,,,,IX,Indice,0,Units,,,,,,,2,Two,,,,
DATAFLOW,OECD.ECO.MAD:DSD_EO@DF_EO(1.2),Perspectives Economiques 116,I,USA,États-Unis,CPI,Indice des prix à la consommation,Q,Trimestrielle,2019-Q2,,1.04131156993213,,,,IX,Indice,0,Units,,,,,,,2,Two,,,,
DATAFLOW,OECD.ECO.MAD:DSD_EO@DF_EO(1.2),Perspectives Economiques 116,I,USA,États-Unis,CPI,Indice des prix à la consommation,Q,Trimestrielle,2019-Q3,,1.04474660813775,,,,IX,Indice,0,Units,,,,,,,2,Two,,,,
DATAFLOW,OECD.ECO.MAD:DSD_EO@DF_EO(1.2),Perspectives Economiques 116,I,USA,États-Unis,CPI,Indice des prix à la consommation,Q,Trimestrielle,2004-Q1,,0.761664647255845,,,,IX,Indice,0,Units,,,,,,,2,Two,,,,
DATAFLOW,OECD.ECO.MAD:DSD_EO@DF_EO(1.2),Perspectives Economiques 116,I,USA,États-Unis,CPI,Indice des prix à la consommation,Q,Trimestrielle,2000-Q1,,0.693942991420564,,,,IX,Indice,0,Units,,,,,,,2,Two,,,,
DATAFLOW,OECD.ECO.MAD:DSD_EO@DF_EO(1.2),Perspectives Economiques 116,I,USA,États-Unis,CPI,Indice des prix à la consommation,Q,Trimestrielle,2000-Q2,,0.699382481849101,,,,IX,Indice,0,Units,,,,,,,2,Two,,,,
DATAFLOW,OECD.ECO.MAD:DSD_EO@DF_EO(1.2),Perspectives Economiques 116,I,USA,États-Unis,CPI,Indice des prix à la consommation,Q,Trimestrielle,2000-Q3,,0.705773883102631,,,,IX,Indice,0,Units,,,,,,,2,Two,,,,
DATAFLOW,OECD.ECO.MAD:DSD_EO@DF_EO(1.2),Perspectives Economiques 116,I,USA,États-Unis,CPI,Indice des prix à la consommation,Q,Trimestrielle,2000-Q4,,0.710805411749027,,,,IX,Indice,0,Units,,,,,,,2,Two,,,,
DATAFLOW,OECD.ECO.MAD:DSD_EO@DF_EO(1.2),Perspectives Economiques 116,I,USA,États-Unis,CPI,Indice des prix à la consommation,Q,Trimestrielle,2001-Q1,,0.717604774784698,,,,IX,Indice,0,Units,,,,,,,2,Two,,,,
DATAFLOW,OECD.ECO.MAD:DSD_EO@DF_EO(1.2),Perspectives Economiques 116,I,USA,États-Unis,CPI,Indice des prix à la consommation,Q,Trimestrielle,2025-Q2,,1.30637136609625,,,,IX,Indice,0,Units,,,,,,,2,Two,,,,
DATAFLOW,OECD.ECO.MAD:DSD_EO@DF_EO(1.2),Perspectives Economiques 116,I,USA,États-Unis,CPI,Indice des prix à la consommation,Q,Trimestrielle,2025-Q3,,1.31414002184799,,,,IX,Indice,0,Units,,,,,,,2,Two,,,,
DATAFLOW,OECD.ECO.MAD:DSD_EO@DF_EO(1.2),Perspectives Economiques 116,I,USA,États-Unis,CPI,Indice des prix à la consommation,Q,Trimestrielle,2009-Q1,,0.866419713801211,,,,IX,Indice,0,Units,,,,,,,2,Two,,,,
DATAFLOW,OECD.ECO.MAD:DSD_EO@DF_EO(1.2),Perspectives Economiques 116,I,USA,États-Unis,CPI,Indice des prix à la consommation,Q,Trimestrielle,2009-Q2,,0.871026962194182,,,,IX,Indice,0,Units,,,,,,,2,Two,,,,
DATAFLOW,OECD.ECO.MAD:DSD_EO@DF_EO(1.2),Perspectives Economiques 116,I,USA,États-Unis,CPI,Indice des prix à la consommation,Q,Trimestrielle,2009-Q3,,0.878521220132098,,,,IX,Indice,0,Units,,,,,,,2,Two,,,,
DATAFLOW,OECD.ECO.MAD:DSD_EO@DF_EO(1.2),Perspectives Economiques 116,I,USA,États-Unis,CPI,Indice des prix à la consommation,Q,Trimestrielle,2009-Q4,,0.885399455778983,,,,IX,Indice,0,Units,,,,,,,2,Two,,,,
DATAFLOW,OECD.ECO.MAD:DSD_EO@DF_EO(1.2),Perspectives Economiques 116,I,USA,États-Unis,CPI,Indice des prix à la consommation,Q,Trimestrielle,2010-Q1,,0.886802844309545,,,,IX,Indice,0,Units,,,,,,,2,Two,,,,
DATAFLOW,OECD.ECO.MAD:DSD_EO@DF_EO(1.2),Perspectives Economiques 116,I,USA,États-Unis,CPI,Indice des prix à la consommation,Q,Trimestrielle,2010-Q2,,0.886490073609904,,,,IX,Indice,0,Units,,,,,,,2,Two,,,,
DATAFLOW,OECD.ECO.MAD:DSD_EO@DF_EO(1.2),Perspectives Economiques 116,I,USA,États-Unis,CPI,Indice des prix à la consommation,Q,Trimestrielle,2010-Q3,,0.889088790162138,,,,IX,Indice,0,Units,,,,,,,2,Two,,,,
DATAFLOW,OECD.ECO.MAD:DSD_EO@DF_EO(1.2),Perspectives Economiques 116,I,USA,États-Unis,CPI,Indice des prix à la consommation,Q,Trimestrielle,2010-Q4,,0.896287955744306,,,,IX,Indice,0,Units,,,,,,,2,Two,,,,
DATAFLOW,OECD.ECO.MAD:DSD_EO@DF_EO(1.2),Perspectives Economiques 116,I,USA,États-Unis,CPI,Indice des prix à la consommation,Q,Trimestrielle,2001-Q2,,0.722636303431095,,,,IX,Indice,0,Units,,,,,,,2,Two,,,,
DATAFLOW,OECD.ECO.MAD:DSD_EO@DF_EO(1.2),Perspectives Economiques 116,I,USA,États-Unis,CPI,Indice des prix à la consommation,Q,Trimestrielle,2001-Q3,,0.724676112341796,,,,IX,Indice,0,Units,,,,,,,2,Two,,,,
DATAFLOW,OECD.ECO.MAD:DSD_EO@DF_EO(1.2),Perspectives Economiques 116,I,USA,États-Unis,CPI,Indice des prix à la consommation,Q,Trimestrielle,2001-Q4,,0.724132163298942,,,,IX,Indice,0,Units,,,,,,,2,Two,,,,
DATAFLOW,OECD.ECO.MAD:DSD_EO@DF_EO(1.2),Perspectives Economiques 116,I,USA,États-Unis,CPI,Indice des prix à la consommation,Q,Trimestrielle,2002-Q1,,0.72644394673107,,,,IX,Indice,0,Units,,,,,,,2,Two,,,,
DATAFLOW,OECD.ECO.MAD:DSD_EO@DF_EO(1.2),Perspectives Economiques 116,I,USA,États-Unis,CPI,Indice des prix à la consommation,Q,Trimestrielle,2002-Q2,,0.732155411681034,,,,IX,Indice,0,Units,,,,,,,2,Two,,,,
DATAFLOW,OECD.ECO.MAD:DSD_EO@DF_EO(1.2),Perspectives Economiques 116,I,USA,États-Unis,CPI,Indice des prix à la consommation,Q,Trimestrielle,2002-Q3,,0.736099042241723,,,,IX,Indice,0,Units,,,,,,,2,Two,,,,
DATAFLOW,OECD.ECO.MAD:DSD_EO@DF_EO(1.2),Perspectives Economiques 116,I,USA,États-Unis,CPI,Indice des prix à la consommation,Q,Trimestrielle,2002-Q4,,0.740450634584552,,,,IX,Indice,0,Units,,,,,,,2,Two,,,,
DATAFLOW,OECD.ECO.MAD:DSD_EO@DF_EO(1.2),Perspectives Economiques 116,I,USA,États-Unis,CPI,Indice des prix à la consommation,Q,Trimestrielle,2003-Q1,,0.748065921184503,,,,IX,Indice,0,Units,,,,,,,2,Two,,,,
DATAFLOW,OECD.ECO.MAD:DSD_EO@DF_EO(1.2),Perspectives Economiques 116,I,USA,États-Unis,CPI,Indice des prix à la consommation,Q,Trimestrielle,2003-Q2,,0.746842035838083,,,,IX,Indice,0,Units,,,,,,,2,Two,,,,
DATAFLOW,OECD.ECO.MAD:DSD_EO@DF_EO(1.2),Perspectives Economiques 116,I,USA,États-Unis,CPI,Indice des prix à la consommation,Q,Trimestrielle,2003-Q3,,0.752417513527333,,,,IX,Indice,0,Units,,,,,,,2,Two,,,,
DATAFLOW,OECD.ECO.MAD:DSD_EO@DF_EO(1.2),Perspectives Economiques 116,I,USA,États-Unis,CPI,Indice des prix à la consommation,Q,Trimestrielle,2003-Q4,,0.755273246002314,,,,IX,Indice,0,Units,,,,,,,2,Two,,,,
DATAFLOW,OECD.ECO.MAD:DSD_EO@DF_EO(1.2),Perspectives Economiques 116,I,USA,États-Unis,CPI,Indice des prix à la consommation,Q,Trimestrielle,2019-Q4,,1.05208448072585,,,,IX,Indice,0,Units,,,,,,,2,Two,,,,
DATAFLOW,OECD.ECO.MAD:DSD_EO@DF_EO(1.2),Perspectives Economiques 116,I,USA,États-Unis,CPI,Indice des prix à la consommation,Q,Trimestrielle,2020-Q1,,1.05567182466347,,,,IX,Indice,0,Units,,,,,,,2,Two,,,,
DATAFLOW,OECD.ECO.MAD:DSD_EO@DF_EO(1.2),Perspectives Economiques 116,I,USA,États-Unis,CPI,Indice des prix à la consommation,Q,Trimestrielle,2020-Q2,,1.04571211768881,,,,IX,Indice,0,Units,,,,,,,2,Two,,,,
DATAFLOW,OECD.ECO.MAD:DSD_EO@DF_EO(1.2),Perspectives Economiques 116,I,USA,États-Unis,CPI,Indice des prix à la consommation,Q,Trimestrielle,2020-Q3,,1.05760692338342,,,,IX,Indice,0,Units,,,,,,,2,Two,,,,
DATAFLOW,OECD.ECO.MAD:DSD_EO@DF_EO(1.2),Perspectives Economiques 116,I,USA,États-Unis,CPI,Indice des prix à la consommation,Q,Trimestrielle,2020-Q4,,1.06498287240451,,,,IX,Indice,0,Units,,,,,,,2,Two,,,,
DATAFLOW,OECD.ECO.MAD:DSD_EO@DF_EO(1.2),Perspectives Economiques 116,I,USA,États-Unis,CPI,Indice des prix à la consommation,Q,Trimestrielle,2021-Q1,,1.0756741908418,,,,IX,Indice,0,Units,,,,,,,2,Two,,,,
DATAFLOW,OECD.ECO.MAD:DSD_EO@DF_EO(1.2),Perspectives Economiques 116,I,USA,États-Unis,CPI,Indice des prix à la consommation,Q,Trimestrielle,2021-Q2,,1.09587781816599,,,,IX,Indice,0,Units,,,,,,,2,Two,,,,
DATAFLOW,OECD.ECO.MAD:DSD_EO@DF_EO(1.2),Perspectives Economiques 116,I,USA,États-Unis,CPI,Indice des prix à la consommation,Q,Trimestrielle,2021-Q3,,1.11328690728253,,,,IX,Indice,0,Units,,,,,,,2,Two,,,,
DATAFLOW,OECD.ECO.MAD:DSD_EO@DF_EO(1.2),Perspectives Economiques 116,I,USA,États-Unis,CPI,Indice des prix à la consommation,Q,Trimestrielle,2021-Q4,,1.13690925434105,,,,IX,Indice,0,Units,,,,,,,2,Two,,,,
DATAFLOW,OECD.ECO.MAD:DSD_EO@DF_EO(1.2),Perspectives Economiques 116,I,USA,États-Unis,CPI,Indice des prix à la consommation,Q,Trimestrielle,2022-Q1,,1.16198122559879,,,,IX,Indice,0,Units,,,,,,,2,Two,,,,
DATAFLOW,OECD.ECO.MAD:DSD_EO@DF_EO(1.2),Perspectives Economiques 116,I,USA,États-Unis,CPI,Indice des prix à la consommation,Q,Trimestrielle,2022-Q2,,1.19005035608264,,,,IX,Indice,0,Units,,,,,,,2,Two,,,,
DATAFLOW,OECD.ECO.MAD:DSD_EO@DF_EO(1.2),Perspectives Economiques 116,I,USA,États-Unis,CPI,Indice des prix à la consommation,Q,Trimestrielle,2022-Q3,,1.20556378278483,,,,IX,Indice,0,Units,,,,,,,2,Two,,,,
DATAFLOW,OECD.ECO.MAD:DSD_EO@DF_EO(1.2),Perspectives Economiques 116,I,USA,États-Unis,CPI,Indice des prix à la consommation,Q,Trimestrielle,2022-Q4,,1.21752522223718,,,,IX,Indice,0,Units,,,,,,,2,Two,,,,
DATAFLOW,OECD.ECO.MAD:DSD_EO@DF_EO(1.2),Perspectives Economiques 116,I,USA,États-Unis,CPI,Indice des prix à la consommation,Q,Trimestrielle,2023-Q1,,1.22879312665989,,,,IX,Indice,0,Units,,,,,,,2,Two,,,,
DATAFLOW,OECD.ECO.MAD:DSD_EO@DF_EO(1.2),Perspectives Economiques 116,I,USA,États-Unis,CPI,Indice des prix à la consommation,Q,Trimestrielle,2023-Q2,,1.23802802153494,,,,IX,Indice,0,Units,,,,,,,2,Two,,,,
DATAFLOW,OECD.ECO.MAD:DSD_EO@DF_EO(1.2),Perspectives Economiques 116,I,USA,États-Unis,CPI,Indice des prix à la consommation,Q,Trimestrielle,2023-Q3,,1.2485031202277,,,,IX,Indice,0,Units,,,,,,,2,Two,,,,
DATAFLOW,OECD.ECO.MAD:DSD_EO@DF_EO(1.2),Perspectives Economiques 116,I,USA,États-Unis,CPI,Indice des prix à la consommation,Q,Trimestrielle,2023-Q4,,1.25692617115629,,,,IX,Indice,0,Units,,,,,,,2,Two,,,,
DATAFLOW,OECD.ECO.MAD:DSD_EO@DF_EO(1.2),Perspectives Economiques 116,I,USA,États-Unis,CPI,Indice des prix à la consommation,Q,Trimestrielle,2024-Q1,,1.26871898640535,,,,IX,Indice,0,Units,,,,,,,2,Two,,,,
DATAFLOW,OECD.ECO.MAD:DSD_EO@DF_EO(1.2),Perspectives Economiques 116,I,USA,États-Unis,CPI,Indice des prix à la consommation,Q,Trimestrielle,2024-Q2,,1.27757447682301,,,,IX,Indice,0,Units,,,,,,,2,Two,,,,
DATAFLOW,OECD.ECO.MAD:DSD_EO@DF_EO(1.2),Perspectives Economiques 116,I,USA,États-Unis,CPI,Indice des prix à la consommation,Q,Trimestrielle,2024-Q3,,1.28146371247941,,,,IX,Indice,0,Units,,,,,,,2,Two,,,,
DATAFLOW,OECD.ECO.MAD:DSD_EO@DF_EO(1.2),Perspectives Economiques 116,I,USA,États-Unis,CPI,Indice des prix à la consommation,Q,Trimestrielle,2024-Q4,,1.29002736679142,,,,IX,Indice,0,Units,,,,,,,2,Two,,,,
DATAFLOW,OECD.ECO.MAD:DSD_EO@DF_EO(1.2),Perspectives Economiques 116,I,USA,États-Unis,CPI,Indice des prix à la consommation,Q,Trimestrielle,2025-Q1,,1.29849015736068,,,,IX,Indice,0,Units,,,,,,,2,Two,,,,
DATAFLOW,OECD.ECO.MAD:DSD_EO@DF_EO(1.2),Perspectives Economiques 116,I,USA,États-Unis,CPI,Indice des prix à la consommation,Q,Trimestrielle,2004-Q2,,0.767648086727235,,,,IX,Indice,0,Units,,,,,,,2,Two,,,,
DATAFLOW,OECD.ECO.MAD:DSD_EO@DF_EO(1.2),Perspectives Economiques 116,I,USA,États-Unis,CPI,Indice des prix à la consommation,Q,Trimestrielle,2004-Q3,,0.772543628112918,,,,IX,Indice,0,Units,,,,,,,2,Two,,,,
DATAFLOW,OECD.ECO.MAD:DSD_EO@DF_EO(1.2),Perspectives Economiques 116,I,USA,États-Unis,CPI,Indice des prix à la consommation,Q,Trimestrielle,2004-Q4,,0.780838851016437,,,,IX,Indice,0,Units,,,,,,,2,Two,,,,
DATAFLOW,OECD.ECO.MAD:DSD_EO@DF_EO(1.2),Perspectives Economiques 116,I,USA,États-Unis,CPI,Indice des prix à la consommation,Q,Trimestrielle,2005-Q1,,0.784782481577126,,,,IX,Indice,0,Units,,,,,,,2,Two,,,,
DATAFLOW,OECD.ECO.MAD:DSD_EO@DF_EO(1.2),Perspectives Economiques 116,I,USA,États-Unis,CPI,Indice des prix à la consommation,Q,Trimestrielle,2005-Q2,,0.790085984744949,,,,IX,Indice,0,Units,,,,,,,2,Two,,,,
DATAFLOW,OECD.ECO.MAD:DSD_EO@DF_EO(1.2),Perspectives Economiques 116,I,USA,États-Unis,CPI,Indice des prix à la consommation,Q,Trimestrielle,2005-Q3,,0.80205286368773,,,,IX,Indice,0,Units,,,,,,,2,Two,,,,
DATAFLOW,OECD.ECO.MAD:DSD_EO@DF_EO(1.2),Perspectives Economiques 116,I,USA,États-Unis,CPI,Indice des prix à la consommation,Q,Trimestrielle,2005-Q4,,0.809532163026968,,,,IX,Indice,0,Units,,,,,,,2,Two,,,,
DATAFLOW,OECD.ECO.MAD:DSD_EO@DF_EO(1.2),Perspectives Economiques 116,I,USA,États-Unis,CPI,Indice des prix à la consommation,Q,Trimestrielle,2006-Q1,,0.813747768109083,,,,IX,Indice,0,Units,,,,,,,2,Two,,,,
DATAFLOW,OECD.ECO.MAD:DSD_EO@DF_EO(1.2),Perspectives Economiques 116,I,USA,États-Unis,CPI,Indice des prix à la consommation,Q,Trimestrielle,2006-Q2,,0.821091080187608,,,,IX,Indice,0,Units,,,,,,,2,Two,,,,
DATAFLOW,OECD.ECO.MAD:DSD_EO@DF_EO(1.2),Perspectives Economiques 116,I,USA,États-Unis,CPI,Indice des prix à la consommation,Q,Trimestrielle,2006-Q3,,0.828842354048273,,,,IX,Indice,0,Units,,,,,,,2,Two,,,,
DATAFLOW,OECD.ECO.MAD:DSD_EO@DF_EO(1.2),Perspectives Economiques 116,I,USA,États-Unis,CPI,Indice des prix à la consommation,Q,Trimestrielle,2006-Q4,,0.825442672530437,,,,IX,Indice,0,Units,,,,,,,2,Two,,,,
DATAFLOW,OECD.ECO.MAD:DSD_EO@DF_EO(1.2),Perspectives Economiques 116,I,USA,États-Unis,CPI,Indice des prix à la consommation,Q,Trimestrielle,2007-Q1,,0.833535274415493,,,,IX,Indice,0,Units,,,,,,,2,Two,,,,
DATAFLOW,OECD.ECO.MAD:DSD_EO@DF_EO(1.2),Perspectives Economiques 116,I,USA,États-Unis,CPI,Indice des prix à la consommation,Q,Trimestrielle,2007-Q2,,0.842975510054218,,,,IX,Indice,0,Units,,,,,,,2,Two,,,,
DATAFLOW,OECD.ECO.MAD:DSD_EO@DF_EO(1.2),Perspectives Economiques 116,I,USA,États-Unis,CPI,Indice des prix à la consommation,Q,Trimestrielle,2007-Q3,,0.848311650164612,,,,IX,Indice,0,Units,,,,,,,2,Two,,,,
DATAFLOW,OECD.ECO.MAD:DSD_EO@DF_EO(1.2),Perspectives Economiques 116,I,USA,États-Unis,CPI,Indice des prix à la consommation,Q,Trimestrielle,2007-Q4,,0.858717395354403,,,,IX,Indice,0,Units,,,,,,,2,Two,,,,
DATAFLOW,OECD.ECO.MAD:DSD_EO@DF_EO(1.2),Perspectives Economiques 116,I,USA,États-Unis,CPI,Indice des prix à la consommation,Q,Trimestrielle,2008-Q1,,0.868018923987201,,,,IX,Indice,0,Units,,,,,,,2,Two,,,,
DATAFLOW,OECD.ECO.MAD:DSD_EO@DF_EO(1.2),Perspectives Economiques 116,I,USA,États-Unis,CPI,Indice des prix à la consommation,Q,Trimestrielle,2008-Q2,,0.879311306116843,,,,IX,Indice,0,Units,,,,,,,2,Two,,,,
DATAFLOW,OECD.ECO.MAD:DSD_EO@DF_EO(1.2),Perspectives Economiques 116,I,USA,États-Unis,CPI,Indice des prix à la consommation,Q,Trimestrielle,2008-Q3,,0.892869236009971,,,,IX,Indice,0,Units,,,,,,,2,Two,,,,
DATAFLOW,OECD.ECO.MAD:DSD_EO@DF_EO(1.2),Perspectives Economiques 116,I,USA,États-Unis,CPI,Indice des prix à la consommation,Q,Trimestrielle,2008-Q4,,0.872420831616494,,,,IX,Indice,0,Units,,,,,,,2,Two,,,,
DATAFLOW,OECD.ECO.MAD:DSD_EO@DF_EO(1.2),Perspectives Economiques 116,I,USA,États-Unis,CPI,Indice des prix à la consommation,Q,Trimestrielle,2025-Q4,,1.32163201465579,,,,IX,Indice,0,Units,,,,,,,2,Two,,,,
DATAFLOW,OECD.ECO.MAD:DSD_EO@DF_EO(1.2),Perspectives Economiques 116,I,USA,États-Unis,CPI,Indice des prix à la consommation,Q,Trimestrielle,2026-Q1,,1.32900427959721,,,,IX,Indice,0,Units,,,,,,,2,Two,,,,
DATAFLOW,OECD.ECO.MAD:DSD_EO@DF_EO(1.2),Perspectives Economiques 116,I,USA,États-Unis,CPI,Indice des prix à la consommation,Q,Trimestrielle,2026-Q2,,1.33641766815684,,,,IX,Indice,0,Units,,,,,,,2,Two,,,,
DATAFLOW,OECD.ECO.MAD:DSD_EO@DF_EO(1.2),Perspectives Economiques 116,I,USA,États-Unis,CPI,Indice des prix à la consommation,Q,Trimestrielle,2026-Q3,,1.34387240972848,,,,IX,Indice,0,Units,,,,,,,2,Two,,,,
DATAFLOW,OECD.ECO.MAD:DSD_EO@DF_EO(1.2),Perspectives Economiques 116,I,USA,États-Unis,CPI,Indice des prix à la consommation,Q,Trimestrielle,2026-Q4,,1.35136873498554,,,,IX,Indice,0,Units,,,,,,,2,Two,,,,
DATAFLOW,OECD.ECO.MAD:DSD_EO@DF_EO(1.2),Perspectives Economiques 116,I,USA,États-Unis,CPI,Indice des prix à la consommation,Q,Trimestrielle,2011-Q1,,0.905853299662888,,,,IX,Indice,0,Units,,,,,,,2,Two,,,,
DATAFLOW,OECD.ECO.MAD:DSD_EO@DF_EO(1.2),Perspectives Economiques 116,I,USA,États-Unis,CPI,Indice des prix à la consommation,Q,Trimestrielle,2011-Q2,,0.916152974789322,,,,IX,Indice,0,Units,,,,,,,2,Two,,,,
DATAFLOW,OECD.ECO.MAD:DSD_EO@DF_EO(1.2),Perspectives Economiques 116,I,USA,États-Unis,CPI,Indice des prix à la consommation,Q,Trimestrielle,2011-Q3,,0.922126895152462,,,,IX,Indice,0,Units,,,,,,,2,Two,,,,
DATAFLOW,OECD.ECO.MAD:DSD_EO@DF_EO(1.2),Perspectives Economiques 116,I,USA,États-Unis,CPI,Indice des prix à la consommation,Q,Trimestrielle,2011-Q4,,0.926266347368578,,,,IX,Indice,0,Units,,,,,,,2,Two,,,,
DATAFLOW,OECD.ECO.MAD:DSD_EO@DF_EO(1.2),Perspectives Economiques 116,I,USA,États-Unis,CPI,Indice des prix à la consommation,Q,Trimestrielle,2012-Q1,,0.931482818689545,,,,IX,Indice,0,Units,,,,,,,2,Two,,,,
DATAFLOW,OECD.ECO.MAD:DSD_EO@DF_EO(1.2),Perspectives Economiques 116,I,USA,États-Unis,CPI,Indice des prix à la consommation,Q,Trimestrielle,2012-Q2,,0.933449194479461,,,,IX,Indice,0,Units,,,,,,,2,Two,,,,
DATAFLOW,OECD.ECO.MAD:DSD_EO@DF_EO(1.2),Perspectives Economiques 116,I,USA,États-Unis,CPI,Indice des prix à la consommation,Q,Trimestrielle,2012-Q3,,0.93766343968897,,,,IX,Indice,0,Units,,,,,,,2,Two,,,,
DATAFLOW,OECD.ECO.MAD:DSD_EO@DF_EO(1.2),Perspectives Economiques 116,I,USA,États-Unis,CPI,Indice des prix à la consommation,Q,Trimestrielle,2012-Q4,,0.94389845559268,,,,IX,Indice,0,Units,,,,,,,2,Two,,,,
DATAFLOW,OECD.ECO.MAD:DSD_EO@DF_EO(1.2),Perspectives Economiques 116,I,USA,États-Unis,CPI,Indice des prix à la consommation,Q,Trimestrielle,2013-Q1,,0.947692500166584,,,,IX,Indice,0,Units,,,,,,,2,Two,,,,
DATAFLOW,OECD.ECO.MAD:DSD_EO@DF_EO(1.2),Perspectives Economiques 116,I,USA,États-Unis,CPI,Indice des prix à la consommation,Q,Trimestrielle,2013-Q2,,0.946654917367341,,,,IX,Indice,0,Units,,,,,,,2,Two,,,,
DATAFLOW,OECD.ECO.MAD:DSD_EO@DF_EO(1.2),Perspectives Economiques 116,I,USA,États-Unis,CPI,Indice des prix à la consommation,Q,Trimestrielle,2013-Q3,,0.951774837733201,,,,IX,Indice,0,Units,,,,,,,2,Two,,,,
DATAFLOW,OECD.ECO.MAD:DSD_EO@DF_EO(1.2),Perspectives Economiques 116,I,USA,États-Unis,CPI,Indice des prix à la consommation,Q,Trimestrielle,2013-Q4,,0.955294188040464,,,,IX,Indice,0,Units,,,,,,,2,Two,,,,
DATAFLOW,OECD.ECO.MAD:DSD_EO@DF_EO(1.2),Perspectives Economiques 116,I,USA,États-Unis,CPI,Indice des prix à la consommation,Q,Trimestrielle,2014-Q1,,0.961243630696676,,,,IX,Indice,0,Units,,,,,,,2,Two,,,,
DATAFLOW,OECD.ECO.MAD:DSD_EO@DF_EO(1.2),Perspectives Economiques 116,I,USA,États-Unis,CPI,Indice des prix à la consommation,Q,Trimestrielle,2014-Q2,,0.966348592463858,,,,IX,Indice,0,Units,,,,,,,2,Two,,,,
DATAFLOW,OECD.ECO.MAD:DSD_EO@DF_EO(1.2),Perspectives Economiques 116,I,USA,États-Unis,CPI,Indice des prix à la consommation,Q,Trimestrielle,2014-Q3,,0.968820840863628,,,,IX,Indice,0,Units,,,,,,,2,Two,,,,
DATAFLOW,OECD.ECO.MAD:DSD_EO@DF_EO(1.2),Perspectives Economiques 116,I,USA,États-Unis,CPI,Indice des prix à la consommation,Q,Trimestrielle,2014-Q4,,0.966413866349,,,,IX,Indice,0,Units,,,,,,,2,Two,,,,
DATAFLOW,OECD.ECO.MAD:DSD_EO@DF_EO(1.2),Perspectives Economiques 116,I,USA,États-Unis,CPI,Indice des prix à la consommation,Q,Trimestrielle,2015-Q1,,0.960158452356183,,,,IX,Indice,0,Units,,,,,,,2,Two,,,,
DATAFLOW,OECD.ECO.MAD:DSD_EO@DF_EO(1.2),Perspectives Economiques 116,I,USA,États-Unis,CPI,Indice des prix à la consommation,Q,Trimestrielle,2015-Q2,,0.966706238959534,,,,IX,Indice,0,Units,,,,,,,2,Two,,,,
DATAFLOW,OECD.ECO.MAD:DSD_EO@DF_EO(1.2),Perspectives Economiques 116,I,USA,États-Unis,CPI,Indice des prix à la consommation,Q,Trimestrielle,2015-Q3,,0.970357496909689,,,,IX,Indice,0,Units,,,,,,,2,Two,,,,
DATAFLOW,OECD.ECO.MAD:DSD_EO@DF_EO(1.2),Perspectives Economiques 116,I,USA,États-Unis,CPI,Indice des prix à la consommation,Q,Trimestrielle,2015-Q4,,0.970284063788904,,,,IX,Indice,0,Units,,,,,,,2,Two,,,,
DATAFLOW,OECD.ECO.MAD:DSD_EO@DF_EO(1.2),Perspectives Economiques 116,I,USA,États-Unis,CPI,Indice des prix à la consommation,Q,Trimestrielle,2016-Q1,,0.969681640223944,,,,IX,Indice,0,Units,,,,,,,2,Two,,,,
DATAFLOW,OECD.ECO.MAD:DSD_EO@DF_EO(1.2),Perspectives Economiques 116,I,USA,États-Unis,CPI,Indice des prix à la consommation,Q,Trimestrielle,2016-Q2,,0.97743699370243,,,,IX,Indice,0,Units,,,,,,,2,Two,,,,
DATAFLOW,OECD.ECO.MAD:DSD_EO@DF_EO(1.2),Perspectives Economiques 116,I,USA,États-Unis,CPI,Indice des prix à la consommation,Q,Trimestrielle,2016-Q3,,0.981585965026796,,,,IX,Indice,0,Units,,,,,,,2,Two,,,,
DATAFLOW,OECD.ECO.MAD:DSD_EO@DF_EO(1.2),Perspectives Economiques 116,I,USA,États-Unis,CPI,Indice des prix à la consommation,Q,Trimestrielle,2016-Q4,,0.987816901312685,,,,IX,Indice,0,Units,,,,,,,2,Two,,,,
DATAFLOW,OECD.ECO.MAD:DSD_EO@DF_EO(1.2),Perspectives Economiques 116,I,USA,États-Unis,CPI,Indice des prix à la consommation,Q,Trimestrielle,2017-Q1,,0.994768570080355,,,,IX,Indice,0,Units,,,,,,,2,Two,,,,
DATAFLOW,OECD.ECO.MAD:DSD_EO@DF_EO(1.2),Perspectives Economiques 116,I,USA,États-Unis,CPI,Indice des prix à la consommation,Q,Trimestrielle,2017-Q2,,0.995916302560776,,,,IX,Indice,0,Units,,,,,,,2,Two,,,,
DATAFLOW,OECD.ECO.MAD:DSD_EO@DF_EO(1.2),Perspectives Economiques 116,I,USA,États-Unis,CPI,Indice des prix à la consommation,Q,Trimestrielle,2017-Q3,,1.00067721655835,,,,IX,Indice,0,Units,,,,,,,2,Two,,,,
DATAFLOW,OECD.ECO.MAD:DSD_EO@DF_EO(1.2),Perspectives Economiques 116,I,USA,États-Unis,CPI,Indice des prix à la consommation,Q,Trimestrielle,2017-Q4,,1.00863791080052,,,,IX,Indice,0,Units,,,,,,,2,Two,,,,
DATAFLOW,OECD.ECO.MAD:DSD_EO@DF_EO(1.2),Perspectives Economiques 116,I,USA,États-Unis,CPI,Indice des prix à la consommation,Q,Trimestrielle,2018-Q1,,1.0171371145951,,,,IX,Indice,0,Units,,,,,,,2,Two,,,,
DATAFLOW,OECD.ECO.MAD:DSD_EO@DF_EO(1.2),Perspectives Economiques 116,I,USA,États-Unis,CPI,Indice des prix à la consommation,Q,Trimestrielle,2018-Q2,,1.02267451585136,,,,IX,Indice,0,Units,,,,,,,2,Two,,,,
DATAFLOW,OECD.ECO.MAD:DSD_EO@DF_EO(1.2),Perspectives Economiques 116,I,USA,États-Unis,UNR,Taux de chômage,Q,Trimestrielle,2018-Q3,,3.7900544757328,,,,PT_LF,Pourcentage des dépenses de santé,0,Units,,,,,,,2,Two,,,,
DATAFLOW,OECD.ECO.MAD:DSD_EO@DF_EO(1.2),Perspectives Economiques 116,I,USA,États-Unis,IRCB,Taux d'int‚rˆt directeur des banques centrales,Q,Trimestrielle,2020-Q2,,0.125,,,,PO,Points,0,Units,,,,,,,2,Two,,,,
DATAFLOW,OECD.ECO.MAD:DSD_EO@DF_EO(1.2),Perspectives Economiques 116,I,USA,États-Unis,CPI,Indice des prix à la consommation,Q,Trimestrielle,2018-Q3,,1.02678405087011,,,,IX,Indice,0,Units,,,,,,,2,Two,,,,
